dist_praia_km,number_of_bedrooms,number_of_bathrooms,number_of_beds,number_of_guests,cleaning_fee,picture_count,star_rating,guest_satisfaction_overall,cleanliness_rating,location_rating,value_rating,number_of_reviews,can_instant_book,tem_estacionamento,is_superhost,is_professional,is_guest_favorite,is_new_listing,listing_type_apart,years_host,months_host
0.9224055960345782,3,2.0,3,6,439.0,29,4.550000190734863,4.0,4.639999866485596,4.909999847412109,4.449999809265137,11,1.0,1,0.0,1.0,0.0,0.0,1.0,6,1
0.7563457871545718,3,2.0,4,7,250.0,29,4.71999979019165,4.0,4.630000114440918,4.829999923706055,4.670000076293945,46,0.0,1,0.0,0.0,0.0,0.0,1.0,5,0
2.198839917731602,2,2.0,3,4,380.0,27,4.829999923706055,4.0,4.920000076293945,4.829999923706055,4.579999923706055,12,0.0,1,1.0,0.0,0.0,0.0,1.0,7,4
1.0994651012682215,2,2.0,5,6,230.0,22,4.960000038146973,4.0,5.0,4.820000171661377,4.880000114440918,57,0.0,1,1.0,0.0,1.0,0.0,1.0,5,0
0.09154069362649081,4,3.0,5,10,180.0,20,4.849999904632568,4.0,4.730000019073486,4.960000038146973,4.690000057220459,26,1.0,1,0.0,0.0,1.0,0.0,1.0,8,1
0.22247978299771992,1,1.0,1,4,200.0,22,5.0,5.0,5.0,5.0,5.0,11,0.0,1,1.0,0.0,1.0,0.0,1.0,5,6
0.817049724966645,2,2.0,4,5,250.0,25,4.889999866485596,4.0,4.889999866485596,4.96999979019165,4.739999771118164,35,0.0,1,0.0,0.0,0.0,0.0,1.0,9,2
0.6302692332202431,2,2.0,2,6,300.0,26,5.0,5.0,5.0,5.0,5.0,6,0.0,1,0.0,0.0,1.0,0.0,1.0,2,0
0.056909879168953174,3,2.0,3,7,0.0,28,5.0,5.0,5.0,5.0,5.0,5,0.0,1,1.0,0.0,0.0,0.0,1.0,2,4
0.026111769462679745,1,1.0,2,4,190.0,0,4.820000171661377,4.0,4.909999847412109,4.820000171661377,4.639999866485596,11,1.0,1,0.0,1.0,0.0,0.0,1.0,6,1
0.813443221483019,3,2.0,3,8,250.0,30,4.829999923706055,4.0,4.829999923706055,4.960000038146973,4.650000095367432,23,0.0,1,1.0,0.0,1.0,0.0,1.0,7,2
1.359654907684453,3,3.0,3,8,350.0,20,4.869999885559082,4.0,5.0,4.929999828338623,4.929999828338623,15,1.0,1,1.0,0.0,1.0,0.0,1.0,1,11
0.5921730041431966,3,2.0,6,6,0.0,56,4.960000038146973,4.0,4.960000038146973,4.960000038146973,4.880000114440918,26,0.0,1,0.0,0.0,0.0,0.0,1.0,7,1
2.076157903828822,3,2.0,5,8,150.0,37,5.0,5.0,5.0,5.0,5.0,36,0.0,1,1.0,0.0,1.0,0.0,1.0,6,11
0.6473033880282294,3,4.0,3,8,300.0,24,5.0,5.0,5.0,5.0,4.889999866485596,9,0.0,1,1.0,0.0,1.0,0.0,1.0,7,2
0.468208587640251,2,1.0,3,6,0.0,9,5.0,5.0,5.0,5.0,4.860000133514404,7,0.0,1,0.0,0.0,1.0,0.0,1.0,1,4
0.27894728357344933,1,1.0,1,2,0.0,33,5.0,5.0,5.0,5.0,4.960000038146973,23,0.0,1,1.0,0.0,1.0,0.0,0.0,7,3
0.7262774173991201,3,2.0,4,7,0.0,24,4.949999809265137,4.0,4.880000114440918,5.0,4.889999866485596,80,0.0,1,1.0,0.0,1.0,0.0,1.0,5,4
2.763378135912259,3,3.0,4,6,240.0,17,4.949999809265137,4.0,4.949999809265137,4.75,4.849999904632568,40,0.0,1,1.0,0.0,0.0,0.0,1.0,8,2
3.0266654695221744,4,5.0,4,10,300.0,56,5.0,5.0,4.5,5.0,5.0,4,0.0,1,0.0,0.0,0.0,0.0,0.0,1,3
2.0618996867630703,3,2.0,4,5,200.0,21,4.909999847412109,4.0,4.880000114440918,5.0,4.940000057220459,33,0.0,1,0.0,0.0,1.0,0.0,1.0,6,3
0.3193135928627779,3,2.0,4,6,500.0,28,4.75,4.0,4.25,5.0,4.5,8,1.0,1,0.0,1.0,0.0,0.0,1.0,6,1
1.2747216836675999,3,3.0,3,8,350.0,35,5.0,5.0,5.0,5.0,4.949999809265137,21,0.0,1,0.0,0.0,1.0,0.0,1.0,7,0
0.19908543104690796,3,2.0,3,7,190.0,23,4.590000152587891,4.0,4.610000133514404,4.789999961853027,4.690000057220459,213,1.0,1,1.0,0.0,0.0,0.0,1.0,6,11
0.5669890419851366,4,3.0,7,12,250.0,33,5.0,5.0,5.0,5.0,4.960000038146973,28,0.0,1,1.0,0.0,1.0,0.0,1.0,5,3
0.06831673533666273,3,2.0,6,8,380.0,46,4.980000019073486,4.0,4.880000114440918,5.0,5.0,59,0.0,1,1.0,0.0,1.0,0.0,1.0,4,3
0.030304757827523208,2,2.0,7,5,250.0,40,4.849999904632568,4.0,4.769999980926514,5.0,4.829999923706055,87,0.0,1,1.0,0.0,1.0,0.0,1.0,8,11
1.4684355730718883,2,2.0,2,6,280.0,23,4.829999923706055,4.0,4.760000228881836,4.980000019073486,4.71999979019165,46,0.0,1,0.0,0.0,0.0,0.0,1.0,7,0
0.6779283695389212,2,2.0,5,5,200.0,9,5.0,5.0,5.0,5.0,5.0,6,0.0,1,0.0,0.0,1.0,0.0,1.0,1,11
0.03444760381398868,2,1.0,3,4,200.0,0,5.0,5.0,5.0,5.0,4.0,1,1.0,1,0.0,1.0,0.0,1.0,1.0,6,1
0.48919025119581466,3,2.0,3,10,300.0,20,4.880000114440918,4.0,4.880000114440918,4.289999961853027,4.650000095367432,17,0.0,1,0.0,0.0,0.0,0.0,0.0,6,0
0.04787179432808952,1,2.0,2,4,190.0,0,4.75,4.0,5.0,4.5,5.0,12,1.0,1,0.0,1.0,1.0,0.0,1.0,6,1
0.1396023251739267,4,4.0,4,12,300.0,30,4.789999961853027,4.0,4.5,4.929999828338623,4.789999961853027,14,0.0,1,0.0,0.0,0.0,0.0,1.0,5,6
2.978862322284135,1,1.0,1,2,200.0,12,4.809999942779541,4.0,4.880000114440918,4.809999942779541,4.630000114440918,16,0.0,1,1.0,0.0,1.0,0.0,0.0,1,4
0.4504802847762392,2,1.0,3,5,120.0,25,5.0,5.0,4.829999923706055,4.829999923706055,5.0,6,1.0,1,0.0,0.0,1.0,0.0,1.0,1,5
0.19026873047432635,2,1.0,3,5,120.0,11,4.760000228881836,4.0,4.800000190734863,4.860000133514404,4.820000171661377,92,1.0,1,1.0,0.0,0.0,0.0,1.0,7,2
1.1636441441168444,3,2.0,4,7,280.0,12,4.789999961853027,4.0,4.71999979019165,4.929999828338623,4.860000133514404,29,0.0,1,0.0,0.0,0.0,0.0,1.0,9,1
0.507607000733868,2,2.0,2,5,200.0,15,4.809999942779541,4.0,4.559999942779541,4.690000057220459,4.75,16,0.0,1,1.0,0.0,0.0,0.0,1.0,1,3
3.6426091429957324,1,1.0,1,2,150.0,25,5.0,5.0,4.960000038146973,5.0,5.0,24,1.0,1,1.0,0.0,1.0,0.0,0.0,1,11
0.23511622495221762,2,2.0,2,6,270.0,0,5.0,5.0,5.0,5.0,5.0,2,1.0,1,0.0,1.0,0.0,1.0,1.0,6,1
1.9013296581667112,2,2.0,3,6,300.0,19,5.0,5.0,5.0,4.949999809265137,4.949999809265137,22,0.0,1,1.0,0.0,1.0,0.0,1.0,2,0
2.119189033819916,3,2.0,2,6,283.0,31,4.929999828338623,4.0,4.889999866485596,4.889999866485596,4.840000152587891,44,0.0,1,1.0,1.0,1.0,0.0,0.0,5,11
0.0509775305899246,1,1.0,2,4,190.0,0,4.75,4.0,4.880000114440918,4.75,4.75,8,1.0,1,0.0,1.0,0.0,0.0,1.0,6,1
0.9749253426679676,2,1.0,3,4,200.0,12,4.880000114440918,4.0,4.940000057220459,4.760000228881836,4.940000057220459,17,0.0,1,1.0,0.0,1.0,0.0,0.0,1,0
0.1066117643641171,3,3.0,3,8,250.0,13,4.889999866485596,4.0,4.929999828338623,4.960000038146973,4.739999771118164,80,0.0,1,0.0,0.0,1.0,0.0,1.0,6,10
0.813443221483019,3,2.0,6,8,350.0,25,4.829999923706055,4.0,4.929999828338623,4.980000019073486,4.679999828338623,41,1.0,1,0.0,0.0,1.0,0.0,1.0,6,11
0.15391381666601475,3,2.0,5,8,200.0,27,4.920000076293945,4.0,4.880000114440918,5.0,4.880000114440918,25,0.0,1,0.0,0.0,1.0,0.0,1.0,8,2
0.23189605763556073,3,2.0,5,7,260.0,24,5.0,5.0,5.0,5.0,5.0,12,0.0,1,0.0,0.0,1.0,0.0,1.0,5,11
2.281132872920654,3,3.0,6,8,250.0,30,4.900000095367432,4.0,4.889999866485596,4.96999979019165,4.840000152587891,63,0.0,1,0.0,1.0,1.0,0.0,1.0,7,0
1.5588426097184855,2,3.0,3,5,200.0,17,4.690000057220459,4.0,4.230000019073486,4.619999885559082,4.690000057220459,13,0.0,1,1.0,0.0,0.0,0.0,0.0,1,0
0.22160382057251762,3,2.0,5,9,350.0,22,4.599999904632568,4.0,4.699999809265137,5.0,4.800000190734863,10,0.0,1,0.0,0.0,0.0,0.0,1.0,1,10
1.8852747754153951,4,4.0,4,12,450.0,43,4.920000076293945,4.0,4.829999923706055,4.920000076293945,4.670000076293945,12,0.0,1,0.0,0.0,0.0,0.0,1.0,5,3
1.2335897985981086,1,1.0,0,2,44.0,18,5.0,5.0,5.0,4.900000095367432,5.0,21,0.0,1,1.0,0.0,1.0,0.0,0.0,0,11
0.4052518435911488,3,3.0,8,14,400.0,47,4.960000038146973,4.0,4.880000114440918,4.920000076293945,4.829999923706055,24,0.0,1,0.0,0.0,0.0,0.0,1.0,6,5
0.8079919192652363,2,2.0,4,7,250.0,14,5.0,5.0,5.0,5.0,4.829999923706055,6,1.0,1,0.0,0.0,1.0,0.0,1.0,5,2
0.8597257064090175,3,4.0,3,8,300.0,20,5.0,5.0,5.0,5.0,5.0,7,0.0,1,1.0,0.0,0.0,0.0,1.0,7,2
0.0509775305899246,1,1.0,2,4,190.0,0,4.949999809265137,4.0,5.0,4.860000133514404,4.860000133514404,22,1.0,0,0.0,1.0,1.0,0.0,1.0,6,1
2.831782060861467,2,1.0,4,7,180.0,9,4.900000095367432,4.0,4.849999904632568,4.900000095367432,4.75,20,0.0,1,1.0,0.0,0.0,0.0,1.0,2,8
0.21238924317732794,3,2.0,3,8,260.0,49,5.0,5.0,4.920000076293945,4.920000076293945,4.920000076293945,13,0.0,1,0.0,0.0,0.0,0.0,1.0,6,9
2.325289886888706,3,2.0,4,6,300.0,21,5.0,5.0,4.940000057220459,4.75,4.940000057220459,16,0.0,1,1.0,0.0,1.0,0.0,1.0,2,1
0.07914630762242264,4,3.0,8,8,350.0,24,4.829999923706055,4.0,4.559999942779541,5.0,4.78000020980835,18,0.0,1,0.0,0.0,0.0,0.0,1.0,8,0
0.5321116249876927,4,2.0,7,11,100.0,14,4.809999942779541,4.0,4.949999809265137,4.5,4.670000076293945,43,0.0,1,1.0,0.0,0.0,0.0,0.0,9,0
0.02898707620380537,2,2.0,4,6,250.0,39,4.869999885559082,4.0,4.699999809265137,4.940000057220459,4.829999923706055,126,0.0,1,1.0,0.0,1.0,0.0,1.0,6,4
1.1833634963587496,2,2.0,3,6,0.0,0,4.940000057220459,4.0,4.909999847412109,4.960000038146973,4.869999885559082,0,0.0,1,0.0,0.0,0.0,0.0,0.0,1,0
0.05243332499776581,4,5.0,10,12,0.0,32,5.0,5.0,4.400000095367432,5.0,5.0,5,0.0,1,0.0,0.0,1.0,0.0,0.0,1,11
2.145546723962973,3,3.0,3,14,350.0,28,4.929999828338623,4.0,4.869999885559082,5.0,5.0,15,0.0,1,0.0,0.0,1.0,0.0,1.0,3,2
0.5025648442840723,1,1.0,1,3,200.0,7,4.800000190734863,4.0,4.920000076293945,4.599999904632568,4.679999828338623,50,0.0,0,0.0,0.0,0.0,0.0,1.0,3,2
0.15619978509372695,3,2.0,11,15,200.0,40,4.699999809265137,4.0,4.639999866485596,4.909999847412109,4.53000020980835,88,1.0,1,1.0,1.0,0.0,0.0,1.0,9,3
3.9042032198151295,1,1.0,1,2,150.0,19,5.0,5.0,4.980000019073486,4.980000019073486,4.980000019073486,47,1.0,1,1.0,0.0,1.0,0.0,0.0,1,11
0.5076069988994588,2,2.0,3,6,200.0,22,4.849999904632568,4.0,4.920000076293945,4.619999885559082,4.769999980926514,13,1.0,1,1.0,0.0,1.0,0.0,1.0,1,6
2.4758094155583388,3,3.0,6,8,300.0,38,4.909999847412109,4.0,4.650000095367432,5.0,5.0,23,0.0,1,1.0,0.0,1.0,0.0,1.0,2,8
1.0574467902346325,1,1.0,1,2,5.0,16,5.0,5.0,5.0,5.0,5.0,37,0.0,1,0.0,0.0,1.0,0.0,0.0,2,0
0.056852484347502404,2,1.0,2,5,180.0,46,4.880000114440918,4.0,4.849999904632568,4.789999961853027,4.78000020980835,81,0.0,1,0.0,1.0,0.0,0.0,1.0,6,2
0.6532494597168171,3,2.0,6,6,250.0,91,4.920000076293945,4.0,4.860000133514404,4.980000019073486,4.900000095367432,130,0.0,1,1.0,0.0,1.0,0.0,1.0,8,11
2.640665602063238,3,3.0,3,12,250.0,26,5.0,5.0,4.5,4.829999923706055,4.829999923706055,6,0.0,1,0.0,0.0,0.0,0.0,1.0,3,1
0.1681270569317725,3,3.0,3,6,350.0,35,5.0,5.0,5.0,4.800000190734863,4.900000095367432,10,0.0,1,0.0,0.0,1.0,0.0,1.0,3,7
1.9665443835514578,2,1.0,2,4,250.0,27,4.809999942779541,4.0,4.860000133514404,4.920000076293945,4.829999923706055,36,0.0,1,0.0,0.0,1.0,0.0,0.0,7,0
0.5382945570592528,7,3.0,8,13,250.0,20,4.940000057220459,4.0,4.960000038146973,4.769999980926514,4.889999866485596,47,0.0,1,0.0,0.0,1.0,0.0,0.0,6,10
0.04787179432808952,1,1.0,2,4,190.0,0,4.949999809265137,4.0,5.0,4.909999847412109,4.909999847412109,22,1.0,0,0.0,1.0,1.0,0.0,1.0,6,1
0.3853215089048461,3,2.0,5,8,250.0,17,5.0,5.0,5.0,5.0,4.909999847412109,11,1.0,1,1.0,0.0,1.0,0.0,1.0,8,0
0.2837073864891209,4,4.0,8,12,400.0,29,5.0,5.0,4.829999923706055,5.0,4.670000076293945,6,0.0,1,0.0,0.0,0.0,0.0,1.0,7,0
1.4400358455522337,2,2.0,3,6,250.0,21,4.920000076293945,4.0,5.0,4.920000076293945,5.0,12,1.0,1,1.0,0.0,1.0,0.0,1.0,3,1
0.11113385650613374,4,4.0,4,8,0.0,25,5.0,5.0,4.829999923706055,5.0,5.0,12,1.0,1,0.0,0.0,1.0,0.0,1.0,1,7
1.0695221515843343,2,2.0,2,6,200.0,35,4.639999866485596,4.0,4.730000019073486,4.730000019073486,4.550000190734863,11,1.0,1,1.0,0.0,0.0,0.0,1.0,2,3
0.280053161831844,4,3.0,5,12,300.0,24,5.0,5.0,5.0,5.0,5.0,10,0.0,1,0.0,0.0,1.0,0.0,0.0,1,10
0.3040507857725701,1,2.0,2,3,200.0,37,4.929999828338623,4.0,4.929999828338623,4.869999885559082,4.800000190734863,15,1.0,1,1.0,0.0,1.0,0.0,1.0,9,10
0.937157429141137,3,2.0,3,6,250.0,1,5.0,5.0,4.25,4.880000114440918,4.880000114440918,8,0.0,1,0.0,0.0,0.0,0.0,1.0,3,11
0.5586256127542596,3,2.0,4,5,200.0,16,4.880000114440918,4.0,4.869999885559082,4.78000020980835,4.760000228881836,236,0.0,1,1.0,0.0,0.0,0.0,1.0,10,8
0.21554645048613727,3,2.0,4,11,250.0,16,4.96999979019165,4.0,4.96999979019165,5.0,5.0,37,0.0,1,1.0,0.0,1.0,0.0,1.0,3,7
0.3193135965501882,3,2.0,4,6,200.0,14,5.0,5.0,5.0,5.0,5.0,11,0.0,1,0.0,0.0,1.0,0.0,1.0,1,4
0.19847284622889325,4,2.0,5,10,297.0,34,4.940000057220459,4.0,4.739999771118164,5.0,4.71999979019165,47,0.0,1,1.0,0.0,1.0,0.0,1.0,6,3
0.32688611883059976,2,2.0,4,6,180.0,11,4.769999980926514,4.0,4.769999980926514,5.0,4.849999904632568,13,1.0,1,0.0,0.0,0.0,0.0,1.0,6,0
1.6372477372328438,4,3.0,4,12,250.0,26,5.0,5.0,5.0,5.0,5.0,1,0.0,1,0.0,0.0,0.0,0.0,1.0,0,11
1.6153168636784345,3,2.0,4,8,196.0,40,4.800000190734863,4.0,4.860000133514404,4.949999809265137,4.730000019073486,120,0.0,1,1.0,0.0,0.0,0.0,1.0,8,0
0.3015113859676312,2,2.0,6,5,130.0,26,4.900000095367432,4.0,4.670000076293945,4.920000076293945,4.760000228881836,103,0.0,1,1.0,0.0,1.0,0.0,1.0,8,1
1.8820408420151769,2,2.0,4,6,300.0,26,5.0,5.0,5.0,4.949999809265137,4.949999809265137,22,0.0,1,1.0,0.0,1.0,0.0,1.0,6,0
0.2183826614115115,2,1.0,2,6,300.0,38,4.820000171661377,4.0,4.730000019073486,5.0,4.909999847412109,11,0.0,1,0.0,0.0,1.0,0.0,1.0,6,11
0.03731310968189222,1,1.0,2,4,190.0,30,4.75,4.0,4.949999809265137,4.900000095367432,4.800000190734863,20,1.0,1,0.0,1.0,0.0,0.0,1.0,6,1
1.2761010492980127,2,2.0,0,5,250.0,39,4.820000171661377,4.0,5.0,5.0,4.639999866485596,11,0.0,1,1.0,0.0,1.0,0.0,1.0,1,0
1.0105730234289847,3,2.0,3,8,250.0,45,5.0,5.0,4.78000020980835,4.78000020980835,4.889999866485596,9,0.0,1,0.0,0.0,0.0,0.0,1.0,4,1
1.4296332818846942,2,2.0,3,6,230.0,29,4.880000114440918,4.0,4.789999961853027,4.929999828338623,4.739999771118164,57,0.0,1,0.0,0.0,1.0,0.0,1.0,7,0
0.0509775305899246,2,2.0,3,6,240.0,0,4.5,4.0,4.809999942779541,4.809999942779541,4.559999942779541,16,1.0,1,0.0,1.0,0.0,0.0,1.0,6,1
0.438120311373009,3,2.0,6,8,200.0,21,4.860000133514404,4.0,4.789999961853027,4.929999828338623,4.860000133514404,14,1.0,1,0.0,0.0,0.0,0.0,1.0,5,1
0.026111769462679745,1,1.0,2,4,190.0,0,5.0,5.0,4.5,5.0,4.5,2,1.0,1,0.0,1.0,0.0,1.0,1.0,6,1
1.9429440010792276,2,1.0,2,7,200.0,10,4.590000152587891,4.0,4.260000228881836,4.889999866485596,4.519999980926514,27,1.0,1,1.0,0.0,0.0,0.0,1.0,6,0
0.8191052813693627,2,2.0,2,6,150.0,12,5.0,5.0,5.0,4.900000095367432,5.0,10,0.0,1,1.0,0.0,1.0,0.0,1.0,7,10
1.4202419474125265,1,1.0,1,4,100.0,22,5.0,5.0,4.96999979019165,4.849999904632568,4.980000019073486,61,0.0,1,1.0,0.0,1.0,0.0,0.0,6,8
0.2851935584950745,3,2.0,4,6,200.0,15,4.570000171661377,4.0,4.429999828338623,5.0,4.360000133514404,14,0.0,1,0.0,0.0,0.0,0.0,1.0,3,6
0.18562178593034612,2,2.0,2,4,290.0,15,5.0,5.0,5.0,5.0,5.0,9,0.0,1,0.0,0.0,1.0,0.0,1.0,2,0
1.1971489861852995,2,2.0,2,6,200.0,25,5.0,5.0,4.949999809265137,5.0,4.809999942779541,21,1.0,1,0.0,0.0,0.0,0.0,1.0,7,0
0.39186482270245815,2,2.0,2,4,300.0,0,5.0,5.0,5.0,5.0,4.0,2,1.0,1,1.0,0.0,0.0,1.0,1.0,1,3
0.38858379891820904,2,1.0,3,6,200.0,25,4.869999885559082,4.0,4.909999847412109,4.929999828338623,4.840000152587891,45,1.0,1,1.0,0.0,1.0,0.0,1.0,2,2
0.6823239891167157,3,2.0,5,8,300.0,17,4.900000095367432,4.0,4.5,4.900000095367432,4.800000190734863,10,0.0,1,1.0,0.0,0.0,0.0,1.0,5,0
1.1907805408883414,4,3.0,7,10,270.0,37,4.880000114440918,4.0,4.809999942779541,5.0,4.809999942779541,43,1.0,1,1.0,0.0,1.0,0.0,1.0,5,3
0.22693962074145216,3,2.0,3,6,250.0,10,5.0,5.0,4.690000057220459,5.0,5.0,13,0.0,1,1.0,0.0,1.0,0.0,1.0,4,11
0.3985221392672563,3,2.0,3,6,250.0,39,4.980000019073486,4.0,4.980000019073486,4.980000019073486,4.860000133514404,42,0.0,1,1.0,0.0,1.0,0.0,1.0,8,2
0.7240762013912608,2,2.0,3,6,150.0,17,5.0,5.0,5.0,4.699999809265137,4.800000190734863,10,0.0,1,0.0,0.0,0.0,0.0,1.0,2,3
2.1298813709761517,3,2.0,3,7,100.0,25,4.849999904632568,4.0,4.599999904632568,4.949999809265137,4.849999904632568,20,0.0,1,1.0,0.0,0.0,0.0,0.0,2,3
3.1057885042596105,2,1.0,4,5,100.0,39,4.980000019073486,4.0,4.980000019073486,4.809999942779541,4.960000038146973,54,1.0,1,1.0,0.0,1.0,0.0,0.0,3,11
2.0379144279132824,2,1.0,4,5,200.0,22,4.829999923706055,4.0,4.849999904632568,4.900000095367432,4.809999942779541,81,0.0,1,1.0,1.0,0.0,0.0,1.0,8,0
0.15377429903559095,3,3.0,7,13,300.0,33,5.0,5.0,5.0,5.0,4.940000057220459,18,0.0,1,1.0,1.0,1.0,0.0,1.0,3,4
0.09261589772924292,4,6.0,4,12,500.0,0,4.940000057220459,4.0,4.909999847412109,4.960000038146973,4.869999885559082,0,0.0,1,0.0,0.0,0.0,0.0,0.0,6,0
0.290411424576171,1,1.0,1,2,250.0,0,5.0,5.0,5.0,5.0,5.0,4,1.0,1,0.0,1.0,0.0,0.0,1.0,6,1
0.37083716698486324,3,2.0,4,8,250.0,21,5.0,5.0,4.880000114440918,4.809999942779541,5.0,16,0.0,1,1.0,0.0,1.0,0.0,1.0,0,11
0.13855849337298856,2,3.0,4,6,300.0,13,5.0,5.0,4.940000057220459,4.940000057220459,4.940000057220459,17,0.0,1,0.0,0.0,1.0,0.0,1.0,4,1
0.2319691358224018,3,2.0,3,8,250.0,36,4.860000133514404,4.0,4.860000133514404,4.929999828338623,4.789999961853027,14,0.0,1,0.0,0.0,1.0,0.0,1.0,4,3
0.035200214160174735,1,1.0,2,4,170.0,0,4.940000057220459,4.0,4.909999847412109,4.960000038146973,4.869999885559082,0,1.0,1,0.0,1.0,0.0,1.0,1.0,6,1
1.190780541757786,3,3.0,4,7,300.0,26,5.0,5.0,5.0,5.0,4.940000057220459,18,0.0,1,1.0,0.0,1.0,0.0,1.0,8,11
0.3388124381193989,3,2.0,4,12,200.0,11,4.570000171661377,4.0,4.070000171661377,4.929999828338623,4.639999866485596,14,0.0,1,0.0,0.0,0.0,0.0,1.0,6,9
1.0414998597962786,2,2.0,4,4,220.0,19,4.949999809265137,4.0,4.820000171661377,4.590000152587891,4.760000228881836,39,1.0,1,1.0,0.0,1.0,0.0,1.0,3,1
0.3827320894828356,3,2.0,5,8,250.0,40,4.980000019073486,4.0,4.96999979019165,4.929999828338623,4.869999885559082,61,1.0,1,1.0,0.0,1.0,0.0,1.0,6,0
0.7874480986577406,3,4.0,3,8,300.0,21,5.0,5.0,5.0,4.829999923706055,4.829999923706055,6,0.0,1,1.0,0.0,1.0,0.0,1.0,7,2
0.04787179432808952,1,1.0,2,4,190.0,0,4.860000133514404,4.0,5.0,4.909999847412109,4.909999847412109,22,1.0,0,0.0,1.0,1.0,0.0,1.0,6,1
0.0509775305899246,1,1.0,1,2,150.0,0,5.0,5.0,5.0,5.0,5.0,4,1.0,0,0.0,1.0,0.0,0.0,1.0,6,1
0.5042826783008587,3,3.0,4,9,300.0,32,5.0,5.0,5.0,5.0,5.0,5,0.0,1,0.0,0.0,0.0,0.0,1.0,3,0
0.8399286010081459,3,2.0,3,8,350.0,42,4.820000171661377,4.0,4.949999809265137,4.96999979019165,4.679999828338623,38,1.0,1,1.0,0.0,1.0,0.0,1.0,5,0
0.2779014898309167,2,1.0,3,3,0.0,9,4.670000076293945,4.0,4.829999923706055,4.75,4.670000076293945,12,1.0,1,0.0,0.0,0.0,0.0,1.0,5,1
2.1714225164748306,3,3.0,3,6,300.0,19,4.940000057220459,4.0,5.0,4.940000057220459,4.760000228881836,17,0.0,1,0.0,0.0,1.0,0.0,1.0,5,7
0.08627992366400053,2,2.0,4,6,250.0,19,4.809999942779541,4.0,4.860000133514404,4.940000057220459,4.670000076293945,36,0.0,1,1.0,0.0,0.0,0.0,1.0,7,11
0.5009535663157784,2,2.0,2,4,369.0,0,5.0,5.0,5.0,5.0,5.0,4,1.0,1,0.0,1.0,0.0,0.0,1.0,6,1
1.6127572941420338,2,2.0,3,6,180.0,20,4.670000076293945,4.0,4.800000190734863,4.800000190734863,4.730000019073486,15,0.0,1,0.0,0.0,0.0,0.0,1.0,6,0
0.5900453367832721,3,4.0,4,6,300.0,15,5.0,5.0,5.0,5.0,5.0,15,1.0,1,0.0,0.0,1.0,0.0,1.0,2,1
1.3463008562646452,3,3.0,6,12,350.0,43,5.0,5.0,4.880000114440918,5.0,5.0,26,1.0,1,1.0,0.0,1.0,0.0,1.0,4,0
1.6372477372328438,3,2.0,6,8,290.0,25,5.0,5.0,4.940000057220459,5.0,5.0,16,0.0,1,1.0,0.0,1.0,0.0,1.0,1,0
1.8708983007588498,2,2.0,2,6,250.0,26,5.0,5.0,5.0,5.0,5.0,9,0.0,1,0.0,0.0,1.0,0.0,1.0,2,0
0.4087021891622721,2,2.0,3,6,280.0,48,4.730000019073486,4.0,4.449999809265137,4.550000190734863,4.449999809265137,11,0.0,1,0.0,0.0,0.0,0.0,1.0,5,4
0.026111769462679745,1,1.0,1,2,150.0,0,5.0,5.0,5.0,4.860000133514404,5.0,7,1.0,0,0.0,1.0,1.0,0.0,1.0,6,1
0.33361362697378705,2,2.0,4,6,250.0,10,5.0,5.0,5.0,5.0,4.800000190734863,5,0.0,1,0.0,0.0,0.0,0.0,1.0,2,0
0.12423023000374557,3,2.0,6,8,180.0,17,4.889999866485596,4.0,4.679999828338623,5.0,4.889999866485596,19,0.0,1,1.0,0.0,1.0,0.0,1.0,7,7
0.04787179432808952,1,1.0,1,2,150.0,0,5.0,5.0,5.0,4.670000076293945,4.670000076293945,3,1.0,0,0.0,1.0,0.0,0.0,1.0,6,1
0.15595817375977,3,2.0,5,8,300.0,23,4.849999904632568,4.0,5.0,5.0,4.769999980926514,13,0.0,1,1.0,0.0,1.0,0.0,1.0,3,5
1.183753596079026,3,2.0,4,7,300.0,16,5.0,5.0,4.849999904632568,4.880000114440918,4.96999979019165,34,0.0,1,1.0,0.0,1.0,0.0,1.0,4,10
0.38926183771645273,2,2.0,2,4,250.0,19,4.860000133514404,4.0,4.920000076293945,4.909999847412109,4.760000228881836,138,1.0,1,1.0,0.0,1.0,0.0,1.0,8,1
2.123555160535727,3,3.0,6,8,390.0,4,4.820000171661377,4.0,4.929999828338623,4.820000171661377,4.679999828338623,28,0.0,1,0.0,0.0,0.0,0.0,1.0,4,1
1.1659128041706441,3,3.0,4,7,200.0,15,5.0,5.0,4.849999904632568,5.0,5.0,27,0.0,1,0.0,0.0,1.0,0.0,1.0,5,11
0.3978028551212045,2,2.0,4,8,100.0,0,5.0,5.0,5.0,5.0,5.0,8,0.0,1,1.0,0.0,1.0,0.0,1.0,0,2
0.0509775305899246,1,1.0,2,4,190.0,0,4.599999904632568,4.0,4.800000190734863,4.900000095367432,4.5,10,1.0,1,0.0,1.0,0.0,0.0,1.0,6,1
0.3996596952854727,3,2.0,5,8,250.0,56,4.929999828338623,4.0,5.0,4.96999979019165,5.0,30,1.0,1,1.0,0.0,1.0,0.0,1.0,5,10
1.112348870025485,2,2.0,7,8,300.0,13,5.0,5.0,5.0,4.800000190734863,4.800000190734863,5,0.0,1,0.0,0.0,1.0,0.0,1.0,2,8
2.0291098887643613,2,2.0,4,6,300.0,46,5.0,5.0,5.0,4.960000038146973,4.809999942779541,26,0.0,1,1.0,0.0,1.0,0.0,1.0,5,6
0.2810092794531654,2,2.0,4,6,250.0,14,4.820000171661377,4.0,4.820000171661377,4.820000171661377,4.730000019073486,11,0.0,1,0.0,0.0,0.0,0.0,1.0,3,0
0.6994028337285132,1,1.0,1,2,15.0,14,4.739999771118164,4.0,4.769999980926514,4.739999771118164,4.71999979019165,69,1.0,1,1.0,0.0,0.0,0.0,0.0,9,0
0.290411424576171,1,1.0,1,2,250.0,0,5.0,5.0,5.0,5.0,4.78000020980835,9,1.0,1,0.0,1.0,1.0,0.0,1.0,6,1
0.34251235936150043,2,2.0,3,6,200.0,21,4.989999771118164,4.0,4.929999828338623,4.940000057220459,4.900000095367432,68,1.0,1,1.0,0.0,1.0,0.0,1.0,4,1
0.8411479127572953,2,2.0,2,6,200.0,18,4.900000095367432,4.0,4.900000095367432,4.599999904632568,4.900000095367432,10,0.0,1,1.0,0.0,1.0,0.0,1.0,1,2
0.1574542976297944,3,3.0,5,6,250.0,22,4.909999847412109,4.0,4.829999923706055,4.960000038146973,4.869999885559082,23,0.0,1,0.0,0.0,1.0,0.0,1.0,7,3
0.33361362690787133,1,1.0,1,4,140.0,29,4.909999847412109,4.0,4.909999847412109,5.0,4.909999847412109,11,0.0,1,0.0,0.0,1.0,0.0,1.0,3,9
0.045337536196481704,1,1.0,1,3,160.0,0,4.559999942779541,4.0,4.880000114440918,4.940000057220459,4.75,16,1.0,0,0.0,1.0,0.0,0.0,1.0,6,1
0.7684907126880469,2,2.0,3,4,215.0,0,4.0,4.0,4.0,5.0,4.0,1,1.0,1,0.0,1.0,0.0,1.0,1.0,6,1
0.026111769462679745,2,1.0,3,6,240.0,0,5.0,5.0,5.0,4.920000076293945,4.920000076293945,13,1.0,1,0.0,1.0,1.0,0.0,1.0,6,1
1.2171554091419883,3,2.0,3,6,350.0,43,5.0,5.0,4.730000019073486,5.0,4.929999828338623,15,0.0,1,1.0,0.0,1.0,0.0,1.0,1,2
1.952811898486068,3,2.0,5,6,350.0,23,4.960000038146973,4.0,4.909999847412109,5.0,4.960000038146973,23,0.0,1,0.0,0.0,1.0,0.0,1.0,5,10
0.7267989564431676,2,1.0,2,5,320.0,39,4.809999942779541,4.0,4.820000171661377,4.739999771118164,4.559999942779541,57,0.0,1,1.0,0.0,1.0,0.0,1.0,7,2
0.31252827160044905,2,2.0,4,6,260.0,18,5.0,5.0,5.0,5.0,5.0,12,0.0,1,1.0,0.0,1.0,0.0,1.0,1,0
0.19939625566022884,2,2.0,3,6,280.0,28,5.0,5.0,4.800000190734863,5.0,5.0,5,0.0,1,1.0,0.0,1.0,0.0,1.0,1,0
0.15267030192835282,3,2.0,3,8,300.0,19,5.0,5.0,5.0,5.0,5.0,7,0.0,1,0.0,0.0,0.0,0.0,1.0,5,9
0.6446431664624545,4,3.0,4,10,250.0,24,4.949999809265137,4.0,5.0,5.0,5.0,21,0.0,1,0.0,0.0,1.0,0.0,1.0,3,2
0.2207476695490439,2,2.0,2,6,250.0,38,4.900000095367432,4.0,4.949999809265137,4.949999809265137,4.75,20,1.0,1,1.0,0.0,1.0,0.0,1.0,3,2
0.9376949023850727,3,2.0,3,6,200.0,36,4.75,4.0,4.849999904632568,4.800000190734863,4.599999904632568,20,1.0,1,1.0,1.0,0.0,0.0,1.0,3,5
0.499444061922448,3,2.0,3,8,300.0,19,5.0,5.0,4.579999923706055,4.920000076293945,4.829999923706055,12,0.0,1,0.0,0.0,1.0,0.0,1.0,3,2
0.04787179432808952,1,1.0,1,2,170.0,0,4.670000076293945,4.0,5.0,4.760000228881836,4.670000076293945,21,1.0,1,0.0,1.0,0.0,0.0,1.0,6,1
0.3549426301642523,1,1.0,1,2,0.0,30,4.929999828338623,4.0,4.949999809265137,4.849999904632568,4.869999885559082,86,1.0,1,1.0,0.0,1.0,0.0,1.0,7,11
1.2607757339479013,2,1.0,3,7,200.0,12,4.889999866485596,4.0,4.760000228881836,5.0,4.840000152587891,38,0.0,1,0.0,0.0,1.0,0.0,1.0,7,1
0.5466562463859086,2,2.0,5,5,100.0,24,4.860000133514404,4.0,4.820000171661377,4.639999866485596,4.860000133514404,22,0.0,1,1.0,0.0,1.0,0.0,1.0,2,0
0.026111769462679745,1,1.0,1,2,150.0,0,4.929999828338623,4.0,5.0,5.0,4.730000019073486,15,1.0,0,0.0,1.0,1.0,0.0,1.0,6,1
0.7966896729945773,2,2.0,2,5,250.0,21,4.650000095367432,4.0,4.690000057220459,5.0,4.730000019073486,26,0.0,1,1.0,0.0,0.0,0.0,1.0,8,0
1.3596549127631283,4,3.0,6,9,400.0,115,4.889999866485596,4.0,4.739999771118164,4.889999866485596,4.809999942779541,27,0.0,1,1.0,0.0,0.0,0.0,1.0,5,10
0.6487612093872058,2,1.0,8,11,100.0,26,4.849999904632568,4.0,4.630000114440918,4.849999904632568,4.739999771118164,27,0.0,1,0.0,0.0,0.0,0.0,0.0,9,7
0.8457425430526317,3,4.0,3,8,300.0,16,5.0,5.0,5.0,5.0,4.949999809265137,19,0.0,1,1.0,0.0,1.0,0.0,1.0,7,2
0.026111769462679745,1,1.0,2,4,190.0,0,5.0,5.0,5.0,4.75,4.880000114440918,8,1.0,1,0.0,1.0,1.0,0.0,1.0,6,1
0.15377429903559095,2,1.0,2,6,200.0,15,4.940000057220459,4.0,4.940000057220459,4.96999979019165,4.820000171661377,33,0.0,1,1.0,0.0,1.0,0.0,1.0,1,4
1.5563691623699838,2,2.0,2,6,250.0,26,5.0,5.0,5.0,5.0,4.880000114440918,8,1.0,1,0.0,0.0,1.0,0.0,1.0,4,3
0.24254525938962432,1,1.0,1,2,0.0,10,4.989999771118164,4.0,4.989999771118164,4.989999771118164,4.960000038146973,142,1.0,1,1.0,0.0,1.0,0.0,0.0,5,0
1.550890372280721,3,2.0,3,6,30.0,40,4.78000020980835,4.0,5.0,5.0,4.889999866485596,9,1.0,1,0.0,0.0,1.0,0.0,1.0,0,11
1.8708983007588498,3,2.0,3,6,0.0,54,5.0,5.0,5.0,5.0,4.829999923706055,12,0.0,1,1.0,0.0,1.0,0.0,1.0,8,0
2.63630377810605,3,2.0,3,7,380.0,26,5.0,5.0,4.599999904632568,5.0,5.0,5,1.0,1,1.0,1.0,1.0,0.0,1.0,8,1
0.2059274826876672,2,2.0,5,6,150.0,35,5.0,5.0,4.940000057220459,4.880000114440918,4.75,16,0.0,1,0.0,0.0,0.0,0.0,1.0,5,2
0.18776002847965503,3,2.0,3,8,200.0,16,5.0,5.0,4.860000133514404,5.0,4.860000133514404,7,1.0,1,0.0,0.0,0.0,0.0,1.0,4,11
1.6343003305095793,3,3.0,3,8,300.0,27,5.0,5.0,4.909999847412109,5.0,4.909999847412109,11,0.0,1,0.0,0.0,1.0,0.0,1.0,7,6
0.3702090732189944,2,2.0,3,6,300.0,39,5.0,5.0,5.0,5.0,4.880000114440918,16,0.0,1,1.0,0.0,1.0,0.0,1.0,1,4
0.86745515167586,3,4.0,3,8,300.0,23,4.929999828338623,4.0,4.860000133514404,5.0,4.639999866485596,14,0.0,1,1.0,0.0,1.0,0.0,1.0,7,2
0.051415938232944366,1,1.0,2,4,140.0,0,5.0,5.0,5.0,5.0,4.909999847412109,11,0.0,1,0.0,0.0,1.0,0.0,1.0,3,9
0.5403552849470087,3,3.0,3,6,400.0,0,4.940000057220459,4.0,4.909999847412109,4.960000038146973,4.869999885559082,0,0.0,1,0.0,0.0,0.0,0.0,1.0,1,9
0.9374356572534864,2,2.0,2,6,220.0,24,4.960000038146973,4.0,4.929999828338623,5.0,4.849999904632568,27,0.0,1,0.0,0.0,1.0,0.0,1.0,7,3
1.979201529293803,2,2.0,2,4,250.0,17,4.929999828338623,4.0,4.710000038146973,4.789999961853027,4.639999866485596,14,1.0,1,1.0,0.0,0.0,0.0,1.0,4,0
0.4283982005134399,3,2.0,3,7,200.0,21,4.670000076293945,4.0,4.53000020980835,4.929999828338623,4.599999904632568,15,0.0,1,0.0,0.0,0.0,0.0,1.0,3,1
0.14890390327198055,1,1.0,2,4,190.0,0,4.570000171661377,4.0,5.0,4.829999923706055,4.829999923706055,7,1.0,1,0.0,1.0,0.0,0.0,1.0,6,1
1.3313661219915405,3,3.0,4,8,495.0,67,4.980000019073486,4.0,5.0,5.0,4.980000019073486,42,1.0,1,1.0,0.0,1.0,0.0,1.0,4,7
0.8796426069475913,3,3.0,5,8,300.0,63,4.900000095367432,4.0,4.949999809265137,4.949999809265137,4.800000190734863,20,0.0,1,1.0,0.0,0.0,0.0,1.0,7,2
0.37046152387866194,2,1.0,3,4,200.0,34,4.900000095367432,4.0,5.0,4.300000190734863,4.5,20,1.0,1,0.0,0.0,1.0,0.0,1.0,7,1
1.479849619572744,1,1.0,4,4,50.0,15,5.0,5.0,4.840000152587891,4.630000114440918,4.889999866485596,19,1.0,1,1.0,0.0,1.0,0.0,0.0,2,1
1.7253437637919076,2,2.0,5,6,250.0,16,4.920000076293945,4.0,4.960000038146973,5.0,4.960000038146973,24,1.0,1,1.0,0.0,1.0,0.0,1.0,3,9
0.1265611554298466,1,2.0,1,4,0.0,33,4.860000133514404,4.0,4.860000133514404,4.789999961853027,4.860000133514404,14,0.0,1,0.0,0.0,0.0,0.0,1.0,3,1
0.04787179432808952,1,1.0,2,4,190.0,0,4.860000133514404,4.0,5.0,4.860000133514404,4.929999828338623,14,1.0,0,0.0,1.0,1.0,0.0,1.0,6,1
0.8564064496789014,3,2.0,3,8,0.0,9,4.590000152587891,4.0,4.449999809265137,4.679999828338623,4.550000190734863,22,0.0,1,0.0,0.0,0.0,0.0,0.0,5,0
0.0377713940355137,2,2.0,2,5,350.0,17,5.0,5.0,5.0,5.0,5.0,6,0.0,1,0.0,0.0,1.0,0.0,1.0,1,8
0.14709523217781872,3,2.0,4,7,200.0,17,4.880000114440918,4.0,4.880000114440918,5.0,4.860000133514404,43,1.0,1,1.0,0.0,1.0,0.0,1.0,5,6
0.25829263555949944,2,2.0,2,6,200.0,0,5.0,5.0,5.0,5.0,5.0,1,0.0,1,0.0,0.0,0.0,0.0,1.0,0,11
0.3753400488824732,3,4.0,5,8,250.0,16,5.0,5.0,5.0,5.0,4.949999809265137,19,0.0,1,1.0,0.0,1.0,0.0,1.0,1,9
1.015764154182521,3,2.0,5,8,250.0,27,4.940000057220459,4.0,4.880000114440918,4.940000057220459,4.940000057220459,17,0.0,1,0.0,0.0,1.0,0.0,1.0,4,10
0.37081427091733904,3,3.0,3,6,300.0,8,5.0,5.0,4.78000020980835,5.0,5.0,9,0.0,1,0.0,0.0,0.0,0.0,1.0,4,1
0.5781295373081726,2,2.0,5,6,210.0,0,5.0,5.0,5.0,5.0,5.0,1,1.0,1,1.0,1.0,0.0,1.0,1.0,0,7
2.4143300625412385,3,2.0,4,6,0.0,47,4.920000076293945,4.0,4.880000114440918,4.909999847412109,4.920000076293945,24,1.0,1,1.0,0.0,1.0,0.0,1.0,6,0
0.05976335205140282,1,1.0,1,2,250.0,36,5.0,5.0,4.960000038146973,4.960000038146973,4.849999904632568,27,1.0,1,1.0,0.0,1.0,0.0,1.0,4,10
1.958870860394869,3,2.0,5,10,300.0,23,4.940000057220459,4.0,4.53000020980835,5.0,4.710000038146973,17,0.0,1,1.0,0.0,0.0,0.0,1.0,2,1
0.04787179432808952,2,1.0,3,6,240.0,0,4.940000057220459,4.0,5.0,4.690000057220459,4.880000114440918,16,1.0,0,0.0,1.0,1.0,0.0,1.0,6,1
1.179318688031548,3,2.0,3,6,260.0,20,4.889999866485596,4.0,5.0,5.0,4.679999828338623,19,0.0,1,0.0,0.0,1.0,0.0,1.0,6,1
2.6975091828773365,3,2.0,3,6,250.0,13,4.949999809265137,4.0,4.949999809265137,4.860000133514404,4.760000228881836,21,0.0,1,0.0,0.0,1.0,0.0,1.0,5,0
0.4867752271829904,2,2.0,4,6,250.0,21,4.369999885559082,4.0,3.950000047683716,4.949999809265137,4.320000171661377,19,0.0,1,0.0,0.0,0.0,0.0,1.0,6,11
2.036948374510968,2,2.0,4,6,300.0,24,5.0,5.0,5.0,4.889999866485596,4.889999866485596,9,0.0,1,0.0,0.0,1.0,0.0,1.0,2,3
1.453600386798976,2,2.0,3,6,200.0,25,4.840000152587891,4.0,4.679999828338623,5.0,4.53000020980835,19,0.0,1,0.0,0.0,0.0,0.0,1.0,6,1
0.3905247282378672,1,1.0,1,2,150.0,11,4.909999847412109,4.0,5.0,4.909999847412109,4.730000019073486,11,0.0,1,0.0,0.0,0.0,0.0,0.0,4,1
1.532509692589955,3,2.0,4,10,350.0,32,5.0,5.0,4.710000038146973,5.0,4.860000133514404,7,0.0,1,0.0,1.0,1.0,0.0,1.0,8,0
0.32806878522574945,3,2.0,5,8,250.0,24,4.75,4.0,4.75,5.0,4.579999923706055,12,0.0,1,0.0,0.0,0.0,0.0,1.0,8,4
0.9857453617027699,2,2.0,4,6,200.0,18,5.0,5.0,4.710000038146973,5.0,5.0,7,0.0,1,0.0,0.0,0.0,0.0,1.0,3,4
0.47216386942500566,2,2.0,2,4,238.0,0,5.0,5.0,4.5,5.0,5.0,2,1.0,1,0.0,1.0,0.0,1.0,1.0,6,1
0.362376352752843,3,3.0,4,8,300.0,20,4.920000076293945,4.0,5.0,5.0,4.920000076293945,12,0.0,1,0.0,0.0,0.0,0.0,1.0,4,10
1.0975385413304857,1,1.0,2,2,5.0,11,5.0,5.0,5.0,5.0,5.0,25,0.0,1,0.0,0.0,1.0,0.0,0.0,2,0
3.1382047426631767,3,2.0,3,8,180.0,12,4.300000190734863,4.0,4.199999809265137,4.699999809265137,4.300000190734863,10,0.0,1,0.0,0.0,0.0,0.0,0.0,2,11
0.5900453343087572,3,2.0,3,8,250.0,37,4.929999828338623,4.0,4.769999980926514,5.0,4.880000114440918,43,1.0,1,0.0,0.0,1.0,0.0,1.0,3,7
0.4965434715151779,3,2.0,4,6,489.0,34,4.630000114440918,4.0,4.75,4.75,4.630000114440918,8,1.0,1,0.0,1.0,0.0,0.0,1.0,6,1
2.083960599405843,3,2.0,0,6,300.0,20,5.0,5.0,4.840000152587891,4.949999809265137,4.889999866485596,19,0.0,1,1.0,0.0,1.0,0.0,1.0,0,11
0.18029412176266682,3,3.0,3,9,449.0,155,4.900000095367432,4.0,5.0,5.0,5.0,10,1.0,1,1.0,1.0,1.0,0.0,1.0,4,4
0.8988947541253347,3,2.0,3,8,500.0,23,5.0,5.0,4.769999980926514,4.920000076293945,5.0,13,0.0,1,1.0,0.0,1.0,0.0,1.0,4,4
1.9855544754558188,2,2.0,3,5,300.0,21,4.849999904632568,4.0,4.889999866485596,5.0,4.809999942779541,27,0.0,1,0.0,0.0,1.0,0.0,1.0,3,2
1.0439119405932125,3,3.0,4,8,350.0,19,5.0,5.0,4.889999866485596,4.889999866485596,5.0,9,1.0,1,1.0,0.0,1.0,0.0,1.0,2,0
0.04787179432808952,1,1.0,1,2,150.0,0,5.0,5.0,5.0,5.0,5.0,1,1.0,1,0.0,1.0,0.0,0.0,1.0,6,1
1.0420097758425113,4,3.0,7,12,450.0,46,5.0,5.0,4.940000057220459,5.0,4.940000057220459,17,1.0,1,1.0,0.0,1.0,0.0,1.0,1,1
0.26369087603586927,2,2.0,4,5,260.0,13,5.0,5.0,4.920000076293945,5.0,5.0,13,0.0,1,0.0,0.0,1.0,0.0,1.0,5,11
1.114290724796917,2,1.0,3,6,250.0,30,5.0,5.0,4.5,5.0,4.670000076293945,6,0.0,1,0.0,0.0,0.0,0.0,1.0,8,11
0.42105263063688325,3,3.0,3,6,350.0,24,4.840000152587891,4.0,4.789999961853027,4.809999942779541,4.840000152587891,58,0.0,1,0.0,0.0,1.0,0.0,1.0,6,0
0.04787179432808952,2,2.0,3,6,240.0,0,4.769999980926514,4.0,4.690000057220459,5.0,4.769999980926514,13,1.0,1,0.0,1.0,0.0,0.0,1.0,6,1
2.663817640556095,3,2.0,4,6,339.0,0,5.0,5.0,5.0,5.0,5.0,3,1.0,1,0.0,1.0,0.0,0.0,1.0,6,1
0.04176982344182948,3,3.0,3,6,250.0,34,4.800000190734863,4.0,4.75,4.849999904632568,4.650000095367432,20,0.0,1,0.0,0.0,0.0,0.0,1.0,5,4
0.5562904757446065,5,5.0,6,14,450.0,32,4.96999979019165,4.0,4.929999828338623,4.900000095367432,4.900000095367432,29,1.0,1,1.0,0.0,1.0,0.0,1.0,3,4
0.8946709132540017,6,9.0,25,16,0.0,41,5.0,5.0,5.0,5.0,5.0,2,1.0,1,0.0,0.0,0.0,0.0,0.0,4,1
1.1326545799756274,3,3.0,3,8,300.0,19,4.920000076293945,4.0,5.0,5.0,4.849999904632568,13,0.0,1,0.0,0.0,1.0,0.0,1.0,4,0
1.6967555483519576,2,1.0,2,4,150.0,7,5.0,5.0,5.0,4.75,5.0,4,0.0,1,0.0,0.0,0.0,0.0,0.0,1,2
0.6040449664736659,2,2.0,4,5,100.0,18,4.920000076293945,4.0,4.980000019073486,4.730000019073486,4.880000114440918,51,0.0,1,0.0,0.0,0.0,0.0,0.0,5,11
0.8587837647350698,4,4.0,4,12,250.0,62,4.900000095367432,4.0,4.880000114440918,5.0,4.730000019073486,42,0.0,1,0.0,0.0,0.0,0.0,1.0,10,7
0.9224055988034804,3,4.0,3,8,300.0,18,5.0,5.0,5.0,4.800000190734863,5.0,5,0.0,1,1.0,0.0,1.0,0.0,1.0,7,2
2.8659141728457556,1,1.0,2,4,220.0,41,4.860000133514404,4.0,4.71999979019165,4.860000133514404,4.809999942779541,43,1.0,0,0.0,0.0,0.0,0.0,0.0,3,0
2.083960599405843,4,3.0,4,8,348.0,27,4.789999961853027,4.0,4.679999828338623,4.949999809265137,4.71999979019165,19,0.0,1,1.0,0.0,0.0,0.0,1.0,1,11
0.05257824109191507,1,1.0,2,4,200.0,0,4.730000019073486,4.0,4.730000019073486,4.599999904632568,4.599999904632568,15,0.0,1,1.0,0.0,0.0,0.0,1.0,1,10
0.5032815424665539,3,2.0,6,8,250.0,16,4.429999828338623,4.0,4.5,4.789999961853027,4.360000133514404,14,0.0,1,0.0,0.0,0.0,0.0,1.0,6,0
0.374739650291022,4,3.0,6,12,350.0,0,4.940000057220459,4.0,4.909999847412109,4.960000038146973,4.869999885559082,0,0.0,1,1.0,0.0,0.0,0.0,0.0,0,11
1.6052669894336544,2,2.0,3,5,200.0,12,5.0,5.0,4.880000114440918,4.880000114440918,4.880000114440918,8,1.0,1,0.0,0.0,1.0,0.0,1.0,3,9
0.5247851598018402,3,2.0,6,9,250.0,37,5.0,5.0,4.929999828338623,5.0,4.929999828338623,29,0.0,1,1.0,0.0,1.0,0.0,1.0,2,3
0.026111769462679745,1,1.0,1,2,150.0,0,4.75,4.0,4.829999923706055,4.920000076293945,4.920000076293945,12,1.0,0,0.0,1.0,1.0,0.0,1.0,6,1
0.5014881696985561,1,1.0,1,2,150.0,15,4.849999904632568,4.0,4.900000095367432,4.849999904632568,4.880000114440918,40,0.0,1,0.0,0.0,0.0,0.0,0.0,3,0
0.4181685119413474,3,3.0,3,6,200.0,66,4.699999809265137,4.0,4.5,5.0,4.699999809265137,10,1.0,1,0.0,0.0,0.0,0.0,1.0,7,11
0.0673339147774362,3,3.0,5,8,400.0,111,4.869999885559082,4.0,4.789999961853027,4.960000038146973,4.880000114440918,67,0.0,1,1.0,0.0,1.0,0.0,1.0,5,10
2.1064062646172186,2,2.0,2,7,220.0,31,4.940000057220459,4.0,4.980000019073486,4.940000057220459,4.860000133514404,125,0.0,1,1.0,0.0,1.0,0.0,1.0,5,2
2.163419753433565,3,1.0,7,8,300.0,89,4.889999866485596,4.0,4.820000171661377,4.920000076293945,4.900000095367432,61,0.0,1,1.0,0.0,1.0,0.0,0.0,5,2
2.4818250673265876,3,3.0,3,7,400.0,42,5.0,5.0,4.929999828338623,5.0,4.929999828338623,15,0.0,1,1.0,0.0,1.0,0.0,1.0,4,7
1.0404389535134921,4,7.0,5,8,900.0,16,5.0,5.0,4.920000076293945,5.0,5.0,13,1.0,1,0.0,0.0,1.0,0.0,0.0,6,1
1.6914014776449284,2,2.0,2,6,200.0,12,4.71999979019165,4.0,4.900000095367432,4.929999828338623,4.659999847412109,29,0.0,1,1.0,0.0,0.0,0.0,1.0,2,3
0.4314675404199021,4,3.0,4,9,300.0,18,4.920000076293945,4.0,4.960000038146973,5.0,4.920000076293945,24,0.0,1,1.0,0.0,1.0,0.0,1.0,2,8
0.1676222206129663,4,3.0,4,10,297.0,24,5.0,5.0,4.909999847412109,4.980000019073486,4.829999923706055,46,0.0,1,1.0,0.0,1.0,0.0,1.0,6,3
0.3291362855076614,2,2.0,4,5,260.0,13,4.710000038146973,4.0,4.289999961853027,5.0,4.429999828338623,7,0.0,1,0.0,0.0,0.0,0.0,1.0,5,11
0.21838266458378724,1,1.0,4,4,250.0,13,4.940000057220459,4.0,4.820000171661377,4.940000057220459,4.710000038146973,17,0.0,1,1.0,0.0,1.0,0.0,1.0,2,1
1.1702842478567423,2,1.0,2,6,100.0,43,4.920000076293945,4.0,4.929999828338623,4.96999979019165,4.900000095367432,214,1.0,1,1.0,0.0,1.0,0.0,1.0,7,3
0.27231217952024284,3,2.0,3,8,300.0,25,4.809999942779541,4.0,4.75,5.0,4.880000114440918,16,0.0,1,0.0,0.0,1.0,0.0,1.0,5,2
0.33361362690787133,1,1.0,1,4,180.0,22,5.0,5.0,5.0,4.909999847412109,5.0,11,1.0,1,1.0,0.0,1.0,0.0,1.0,0,11
0.3774720194595793,3,4.0,3,8,270.0,24,4.869999885559082,4.0,4.739999771118164,4.949999809265137,4.869999885559082,38,0.0,1,0.0,0.0,1.0,0.0,1.0,2,7
2.193263604850692,2,3.0,8,8,250.0,24,5.0,5.0,4.960000038146973,4.880000114440918,4.960000038146973,24,1.0,1,0.0,0.0,1.0,0.0,1.0,4,0
1.4219886779537305,2,1.0,2,5,275.0,14,5.0,5.0,4.980000019073486,5.0,4.929999828338623,41,0.0,1,1.0,0.0,1.0,0.0,1.0,3,1
0.4295370236380612,2,2.0,3,5,250.0,22,4.829999923706055,4.0,4.860000133514404,4.989999771118164,4.820000171661377,150,1.0,1,1.0,0.0,1.0,0.0,1.0,8,4
0.22160382225967976,3,4.0,3,6,300.0,20,4.920000076293945,4.0,4.829999923706055,4.920000076293945,5.0,12,0.0,1,0.0,0.0,1.0,0.0,1.0,3,6
0.5634844111947799,3,2.0,3,6,300.0,24,5.0,5.0,5.0,5.0,5.0,10,1.0,1,1.0,1.0,1.0,0.0,1.0,8,1
2.8160701516099045,2,1.0,3,5,150.0,8,5.0,5.0,5.0,5.0,4.880000114440918,8,1.0,1,1.0,0.0,0.0,0.0,1.0,8,2
0.4414223280450966,5,4.0,7,12,250.0,30,4.630000114440918,4.0,4.690000057220459,4.909999847412109,4.71999979019165,32,0.0,1,0.0,0.0,0.0,0.0,1.0,4,4
0.8432500314563155,3,3.0,3,8,250.0,17,5.0,5.0,4.860000133514404,5.0,5.0,7,0.0,1,0.0,0.0,1.0,0.0,1.0,5,2
0.11795358305376381,1,1.0,1,4,150.0,0,4.880000114440918,4.0,4.630000114440918,4.880000114440918,4.880000114440918,8,0.0,0,0.0,0.0,0.0,0.0,1.0,6,0
1.636509885968247,3,3.0,3,6,300.0,51,5.0,5.0,5.0,5.0,5.0,11,1.0,0,0.0,0.0,1.0,0.0,1.0,3,1
1.359654907684453,3,3.0,4,8,250.0,35,4.880000114440918,4.0,4.880000114440918,4.940000057220459,4.880000114440918,17,1.0,1,1.0,0.0,1.0,0.0,1.0,1,3
0.1882850110022591,3,2.0,6,8,250.0,17,4.920000076293945,4.0,4.949999809265137,4.949999809265137,4.860000133514404,37,0.0,1,1.0,0.0,1.0,0.0,1.0,7,1
0.7760989740133113,4,4.0,4,10,200.0,29,5.0,5.0,5.0,5.0,5.0,5,0.0,1,0.0,0.0,0.0,0.0,1.0,7,1
0.4358957599020972,3,2.0,5,8,200.0,25,4.980000019073486,4.0,4.889999866485596,5.0,4.840000152587891,44,0.0,1,1.0,0.0,1.0,0.0,1.0,5,3
0.6237317273762613,2,2.0,2,4,290.0,26,5.0,5.0,5.0,4.829999923706055,5.0,12,0.0,1,0.0,0.0,1.0,0.0,1.0,1,3
0.047816870399708035,1,1.0,1,2,180.0,0,5.0,5.0,5.0,4.849999904632568,5.0,13,1.0,1,1.0,0.0,1.0,0.0,1.0,0,2
2.7512736098166477,1,1.0,2,4,100.0,16,4.96999979019165,4.0,4.980000019073486,4.690000057220459,4.849999904632568,62,1.0,1,1.0,0.0,1.0,0.0,1.0,7,0
0.4940132729954729,1,1.0,2,2,100.0,35,4.710000038146973,4.0,4.929999828338623,4.5,4.570000171661377,14,1.0,1,0.0,0.0,0.0,0.0,0.0,2,0
1.0483684195885559,3,2.0,4,6,337.0,0,5.0,5.0,5.0,5.0,5.0,1,1.0,1,0.0,1.0,0.0,1.0,1.0,6,1
1.3334580722790765,3,3.0,6,8,450.0,26,4.980000019073486,4.0,4.949999809265137,4.949999809265137,4.869999885559082,63,0.0,1,1.0,0.0,1.0,0.0,1.0,6,11
0.3892275376231021,3,3.0,3,8,350.0,23,4.829999923706055,4.0,4.699999809265137,4.869999885559082,4.78000020980835,23,0.0,1,0.0,0.0,1.0,0.0,1.0,7,0
2.0195585835307486,2,2.0,3,6,200.0,30,4.960000038146973,4.0,4.960000038146973,5.0,5.0,26,0.0,1,0.0,0.0,1.0,0.0,1.0,4,3
0.29644000701994144,3,3.0,4,7,250.0,18,5.0,5.0,4.880000114440918,4.75,4.880000114440918,8,0.0,1,0.0,0.0,0.0,0.0,1.0,5,0
0.6434887911712638,3,2.0,4,8,100.0,14,4.78000020980835,4.0,4.75,4.940000057220459,4.880000114440918,32,1.0,1,0.0,0.0,0.0,0.0,1.0,5,11
0.5175546720146398,3,2.0,4,6,450.0,24,5.0,5.0,5.0,5.0,5.0,7,1.0,1,0.0,1.0,1.0,0.0,1.0,6,1
0.7597420800869934,2,2.0,5,8,350.0,11,5.0,5.0,5.0,5.0,4.829999923706055,6,0.0,1,0.0,0.0,0.0,0.0,1.0,4,5
2.2661565321123116,2,1.0,4,6,250.0,22,4.929999828338623,4.0,4.840000152587891,4.900000095367432,4.860000133514404,58,0.0,1,1.0,0.0,1.0,0.0,1.0,9,2
1.1165411585530614,2,1.0,3,7,250.0,6,5.0,5.0,5.0,5.0,5.0,20,1.0,1,1.0,0.0,1.0,0.0,1.0,1,1
1.9351933637340593,2,2.0,2,6,0.0,25,5.0,5.0,4.880000114440918,5.0,5.0,8,0.0,1,0.0,0.0,1.0,0.0,1.0,1,2
0.5637348390846681,1,1.0,1,2,0.0,5,5.0,5.0,5.0,5.0,5.0,19,1.0,1,1.0,0.0,1.0,0.0,0.0,1,3
0.5459436360224356,2,2.0,2,4,226.0,26,4.920000076293945,4.0,4.960000038146973,4.710000038146973,4.829999923706055,24,1.0,1,1.0,1.0,1.0,0.0,1.0,1,3
1.5402153972965489,2,2.0,2,6,250.0,90,4.949999809265137,4.0,4.949999809265137,5.0,4.849999904632568,20,0.0,1,1.0,0.0,1.0,0.0,1.0,7,2
1.8735494393419458,3,2.0,4,6,210.0,16,4.869999885559082,4.0,4.730000019073486,4.929999828338623,4.670000076293945,15,0.0,1,0.0,0.0,0.0,0.0,1.0,2,2
0.589789003119028,3,2.0,6,8,300.0,12,4.769999980926514,4.0,4.789999961853027,4.940000057220459,4.71999979019165,47,0.0,1,0.0,1.0,0.0,0.0,1.0,3,3
0.06829492452234792,2,2.0,2,5,200.0,33,4.809999942779541,4.0,4.670000076293945,4.960000038146973,4.820000171661377,123,0.0,1,1.0,1.0,0.0,0.0,1.0,8,0
0.33361362690787133,1,1.0,2,4,150.0,23,4.980000019073486,4.0,4.900000095367432,5.0,4.980000019073486,106,0.0,1,1.0,0.0,1.0,0.0,1.0,1,10
2.1015163244868806,1,1.0,2,2,20.0,12,4.78000020980835,4.0,4.960000038146973,4.869999885559082,4.650000095367432,23,1.0,1,0.0,0.0,0.0,0.0,0.0,6,0
0.7493078393894335,3,1.0,5,7,200.0,45,4.929999828338623,4.0,4.949999809265137,5.0,4.980000019073486,40,1.0,1,1.0,0.0,1.0,0.0,1.0,5,1
1.9955721968811282,2,2.0,2,7,200.0,20,4.920000076293945,4.0,5.0,5.0,5.0,13,0.0,1,0.0,0.0,1.0,0.0,1.0,4,0
0.24684960669718653,2,2.0,4,7,350.0,9,5.0,5.0,4.929999828338623,5.0,5.0,15,1.0,1,0.0,0.0,1.0,0.0,1.0,4,0
1.095782544583236,3,2.0,3,7,250.0,48,5.0,5.0,4.900000095367432,5.0,4.800000190734863,10,0.0,1,0.0,0.0,1.0,0.0,1.0,10,7
0.17500244590622316,4,3.0,6,12,400.0,22,4.949999809265137,4.0,4.929999828338623,5.0,4.659999847412109,59,1.0,1,1.0,0.0,1.0,0.0,1.0,4,11
0.04103587265520532,3,2.0,4,6,300.0,23,5.0,5.0,5.0,5.0,4.800000190734863,10,0.0,1,0.0,0.0,0.0,0.0,1.0,6,1
0.8187776068893394,1,1.0,1,2,0.0,28,5.0,5.0,5.0,4.920000076293945,4.920000076293945,25,0.0,1,0.0,0.0,1.0,0.0,0.0,6,1
1.363441457413597,1,1.0,1,2,70.0,10,5.0,5.0,5.0,5.0,4.949999809265137,22,0.0,1,0.0,0.0,1.0,0.0,0.0,8,2
0.7632863910605989,2,2.0,2,4,300.0,0,4.940000057220459,4.0,4.909999847412109,4.960000038146973,4.869999885559082,0,0.0,1,0.0,0.0,0.0,0.0,1.0,5,2
1.174633131824595,4,3.0,5,12,300.0,87,4.800000190734863,4.0,4.559999942779541,4.980000019073486,4.710000038146973,99,0.0,1,0.0,0.0,0.0,0.0,1.0,6,5
0.9858451253691477,4,4.0,4,10,450.0,41,4.800000190734863,4.0,4.800000190734863,5.0,5.0,10,0.0,1,0.0,0.0,0.0,0.0,1.0,5,3
2.035826188089242,1,1.0,1,2,0.0,11,4.800000190734863,4.0,4.769999980926514,4.96999979019165,4.769999980926514,30,1.0,1,0.0,0.0,1.0,0.0,0.0,6,0
0.793194049859389,3,4.0,3,8,300.0,20,5.0,5.0,5.0,5.0,4.829999923706055,6,0.0,1,1.0,0.0,0.0,0.0,1.0,7,2
0.24652250873764683,2,1.0,3,6,150.0,21,4.940000057220459,4.0,4.889999866485596,4.889999866485596,4.829999923706055,18,0.0,1,0.0,0.0,1.0,0.0,1.0,2,1
1.9333879481616054,3,2.0,3,6,400.0,0,5.0,5.0,5.0,5.0,5.0,7,1.0,1,0.0,1.0,1.0,0.0,1.0,6,1
0.7485242191616812,3,2.0,3,8,190.0,24,4.889999866485596,4.0,4.929999828338623,4.980000019073486,5.0,44,1.0,0,1.0,0.0,1.0,0.0,1.0,5,4
1.8473717831565744,3,2.0,3,6,250.0,29,5.0,5.0,4.75,4.880000114440918,4.75,8,0.0,1,0.0,0.0,0.0,0.0,1.0,7,3
1.114244904953568,5,4.0,5,16,500.0,30,5.0,5.0,4.920000076293945,5.0,4.920000076293945,13,0.0,1,0.0,0.0,1.0,0.0,1.0,2,3
0.22099241424286903,1,1.0,3,6,60.0,7,4.829999923706055,4.0,4.75,4.820000171661377,4.78000020980835,343,1.0,1,1.0,1.0,0.0,0.0,1.0,7,0
1.167030544058689,3,2.0,3,9,350.0,27,4.960000038146973,4.0,4.960000038146973,5.0,4.889999866485596,46,1.0,1,1.0,0.0,1.0,0.0,1.0,8,2
0.12614841685479972,3,2.0,7,8,300.0,26,4.789999961853027,4.0,4.860000133514404,4.929999828338623,4.860000133514404,14,0.0,1,0.0,0.0,0.0,0.0,1.0,3,2
0.8428426522527284,3,3.0,3,8,0.0,47,4.949999809265137,4.0,4.760000228881836,4.710000038146973,4.809999942779541,21,0.0,1,0.0,0.0,1.0,0.0,0.0,7,0
0.29556857711389256,3,2.0,8,11,350.0,19,5.0,5.0,4.829999923706055,5.0,4.670000076293945,6,1.0,1,0.0,0.0,0.0,0.0,1.0,6,6
0.3486244765137138,3,2.0,4,8,250.0,20,4.760000228881836,4.0,4.590000152587891,5.0,4.710000038146973,34,0.0,1,1.0,0.0,1.0,0.0,1.0,4,3
0.9055521649217446,3,2.0,3,8,250.0,40,4.820000171661377,4.0,4.909999847412109,5.0,4.730000019073486,11,0.0,1,1.0,0.0,1.0,0.0,1.0,7,2
0.07516742415557182,3,2.0,12,8,300.0,22,5.0,5.0,4.860000133514404,5.0,4.860000133514404,7,0.0,1,0.0,0.0,0.0,0.0,1.0,2,3
1.9201755104222946,2,2.0,5,6,360.0,13,4.849999904632568,4.0,4.920000076293945,5.0,4.920000076293945,13,0.0,1,0.0,0.0,0.0,0.0,1.0,2,8
0.5900453367832721,3,2.0,4,8,200.0,30,4.699999809265137,4.0,4.739999771118164,5.0,4.739999771118164,27,0.0,1,1.0,1.0,0.0,0.0,1.0,8,0
2.0662202791561635,2,3.0,4,6,250.0,0,4.909999847412109,4.0,4.909999847412109,4.909999847412109,4.730000019073486,11,0.0,1,1.0,1.0,1.0,0.0,1.0,8,0
0.5800706214507696,2,2.0,2,5,250.0,0,4.800000190734863,4.0,5.0,4.599999904632568,4.800000190734863,5,0.0,1,0.0,0.0,1.0,0.0,1.0,0,10
1.6408606503685093,3,1.0,7,8,150.0,27,4.929999828338623,4.0,4.929999828338623,5.0,4.849999904632568,27,1.0,1,1.0,0.0,1.0,0.0,1.0,4,1
0.026111769462679745,1,1.0,1,2,150.0,0,4.710000038146973,4.0,4.940000057220459,4.590000152587891,4.53000020980835,17,1.0,1,0.0,1.0,0.0,0.0,1.0,6,1
0.37054833338445553,3,3.0,4,8,300.0,42,5.0,5.0,5.0,5.0,4.710000038146973,7,0.0,1,0.0,0.0,0.0,0.0,1.0,7,0
3.4912753050627052,3,2.0,7,8,150.0,25,5.0,5.0,4.980000019073486,4.880000114440918,4.849999904632568,41,1.0,1,1.0,0.0,1.0,0.0,0.0,4,11
0.05082425441639559,3,3.0,4,8,300.0,14,5.0,5.0,5.0,5.0,4.829999923706055,6,0.0,1,0.0,0.0,1.0,0.0,1.0,2,2
0.04787179432808952,1,1.0,2,3,160.0,0,4.909999847412109,4.0,4.909999847412109,4.860000133514404,4.820000171661377,22,1.0,0,0.0,1.0,1.0,0.0,1.0,6,1
2.3598480026765145,3,2.0,6,7,350.0,29,5.0,5.0,4.929999828338623,4.929999828338623,4.980000019073486,40,0.0,1,0.0,0.0,1.0,0.0,1.0,5,4
1.657047329942066,3,3.0,3,6,250.0,15,5.0,5.0,4.889999866485596,5.0,4.670000076293945,9,0.0,1,0.0,0.0,0.0,0.0,1.0,5,3
0.6519953817831948,5,1.0,7,15,300.0,12,5.0,5.0,5.0,5.0,5.0,4,0.0,1,0.0,0.0,0.0,0.0,0.0,0,11
0.7066077035438962,2,1.0,5,11,100.0,23,4.5,4.0,4.25,5.0,4.75,4,0.0,1,0.0,0.0,0.0,0.0,0.0,9,7
1.0895121683824605,2,2.0,5,6,315.0,39,4.789999961853027,4.0,4.699999809265137,4.980000019073486,4.650000095367432,66,0.0,1,0.0,0.0,0.0,0.0,1.0,7,10
1.9494024019599663,3,2.0,3,8,300.0,57,5.0,5.0,4.880000114440918,5.0,4.880000114440918,8,1.0,1,1.0,0.0,0.0,0.0,1.0,6,5
2.1330630991555473,3,2.0,0,8,220.0,39,4.75,4.0,4.829999923706055,4.920000076293945,5.0,12,0.0,1,0.0,0.0,1.0,0.0,1.0,3,8
0.026111769462679745,2,1.0,2,4,240.0,0,5.0,5.0,5.0,5.0,5.0,1,1.0,1,0.0,1.0,0.0,1.0,1.0,6,1
0.05263226527869752,1,1.0,2,4,200.0,23,4.829999923706055,4.0,4.78000020980835,4.829999923706055,4.730000019073486,40,0.0,1,0.0,0.0,0.0,0.0,0.0,6,11
0.40761152446742965,3,3.0,6,8,0.0,16,4.880000114440918,4.0,4.880000114440918,5.0,4.940000057220459,17,0.0,1,1.0,0.0,0.0,0.0,1.0,4,7
1.9398631966972308,3,2.0,5,7,350.0,26,4.840000152587891,4.0,4.889999866485596,5.0,4.949999809265137,19,0.0,1,0.0,1.0,1.0,0.0,1.0,8,0
0.27185517594627767,2,1.0,3,4,120.0,15,4.929999828338623,4.0,4.929999828338623,4.929999828338623,5.0,14,0.0,1,1.0,0.0,1.0,0.0,1.0,8,3
2.0559623694435136,3,3.0,8,6,350.0,22,4.639999866485596,4.0,4.550000190734863,4.949999809265137,4.769999980926514,22,0.0,1,0.0,0.0,0.0,0.0,1.0,5,5
0.9367483002635032,3,2.0,11,10,250.0,28,4.889999866485596,4.0,4.690000057220459,5.0,4.800000190734863,35,1.0,1,1.0,0.0,0.0,0.0,1.0,4,11
0.14369444889680202,3,2.0,10,8,300.0,20,4.840000152587891,4.0,4.889999866485596,4.889999866485596,4.739999771118164,19,0.0,1,1.0,1.0,1.0,0.0,1.0,5,6
1.4604827531888565,2,2.0,4,6,200.0,11,4.940000057220459,4.0,4.96999979019165,4.889999866485596,4.940000057220459,36,0.0,1,0.0,0.0,1.0,0.0,1.0,7,1
0.15515386768345743,3,2.0,3,8,350.0,26,4.699999809265137,4.0,4.599999904632568,5.0,4.75,20,0.0,0,0.0,0.0,0.0,0.0,1.0,3,9
0.18562178593034612,3,2.0,4,6,180.0,35,5.0,5.0,5.0,5.0,4.829999923706055,6,0.0,1,1.0,1.0,1.0,0.0,1.0,3,5
1.4129833601391675,2,2.0,2,8,200.0,37,4.860000133514404,4.0,4.71999979019165,5.0,4.929999828338623,29,0.0,1,1.0,0.0,1.0,0.0,1.0,6,6
0.4633301041973606,3,4.0,3,8,350.0,22,4.880000114440918,4.0,4.840000152587891,5.0,4.909999847412109,43,0.0,1,1.0,0.0,1.0,0.0,1.0,6,1
1.0416277689140974,2,2.0,2,4,200.0,14,4.909999847412109,4.0,4.909999847412109,4.909999847412109,4.909999847412109,11,0.0,1,0.0,0.0,1.0,0.0,1.0,1,2
1.1274463792469789,2,2.0,2,6,300.0,27,4.860000133514404,4.0,4.929999828338623,4.860000133514404,4.860000133514404,14,0.0,1,1.0,0.0,1.0,0.0,1.0,2,0
1.1370794916577778,3,2.0,5,8,250.0,15,4.960000038146973,4.0,4.679999828338623,4.96999979019165,4.860000133514404,72,0.0,1,1.0,0.0,1.0,0.0,1.0,5,2
1.1946111693484431,3,3.0,3,6,472.0,13,4.71999979019165,4.0,4.559999942779541,4.96999979019165,4.840000152587891,32,1.0,1,0.0,1.0,0.0,0.0,1.0,6,1
0.05257824109191507,1,1.0,1,4,150.0,0,4.670000076293945,4.0,4.829999923706055,4.920000076293945,4.670000076293945,12,0.0,0,0.0,0.0,0.0,0.0,1.0,6,0
0.5179321034080697,1,1.0,1,2,150.0,21,5.0,5.0,5.0,5.0,4.940000057220459,16,0.0,1,1.0,0.0,1.0,0.0,0.0,3,5
2.0044617798232056,2,1.0,4,6,250.0,15,4.769999980926514,4.0,4.829999923706055,4.940000057220459,4.869999885559082,94,1.0,1,1.0,0.0,1.0,0.0,1.0,7,0
2.2236887378604164,3,2.0,3,8,200.0,25,4.96999979019165,4.0,4.949999809265137,5.0,4.96999979019165,37,0.0,1,0.0,0.0,1.0,0.0,1.0,5,0
0.05293460470187294,2,2.0,3,5,180.0,21,4.679999828338623,4.0,4.880000114440918,4.289999961853027,4.75,59,0.0,1,1.0,0.0,0.0,0.0,1.0,5,11
0.23465093300355508,2,1.0,2,6,250.0,22,4.840000152587891,4.0,5.0,4.909999847412109,4.559999942779541,32,0.0,1,1.0,0.0,0.0,0.0,1.0,8,2
0.253091301757006,2,2.0,4,6,610.0,12,5.0,5.0,5.0,5.0,5.0,25,1.0,1,0.0,0.0,1.0,0.0,1.0,4,0
0.27110687899093183,2,2.0,3,4,180.0,22,5.0,5.0,5.0,5.0,4.860000133514404,29,0.0,1,1.0,0.0,1.0,0.0,1.0,2,5
0.1630831333422357,3,2.0,3,8,150.0,72,4.900000095367432,4.0,4.809999942779541,4.949999809265137,4.900000095367432,166,1.0,1,1.0,0.0,1.0,0.0,1.0,7,3
0.48217893225003616,2,2.0,3,4,357.0,0,5.0,5.0,5.0,5.0,4.5,4,1.0,1,0.0,1.0,0.0,0.0,1.0,10,0
2.5722184621029136,3,2.0,8,12,290.0,18,4.849999904632568,4.0,4.849999904632568,4.849999904632568,4.690000057220459,13,1.0,1,0.0,0.0,0.0,0.0,1.0,3,1
0.238910007494942,3,2.0,1,7,610.0,9,4.889999866485596,4.0,4.949999809265137,5.0,5.0,19,1.0,1,0.0,0.0,1.0,0.0,1.0,4,0
0.37498780304717594,3,2.0,3,8,250.0,23,4.96999979019165,4.0,4.900000095367432,4.929999828338623,4.869999885559082,30,0.0,0,1.0,0.0,1.0,0.0,1.0,3,4
0.7325580892630369,1,1.0,1,3,0.0,8,4.900000095367432,4.0,4.849999904632568,4.820000171661377,4.880000114440918,213,0.0,0,0.0,0.0,1.0,0.0,1.0,7,0
0.026111769462679745,2,1.0,3,6,240.0,0,5.0,5.0,5.0,5.0,5.0,2,1.0,1,0.0,1.0,0.0,0.0,1.0,6,1
0.1497519343419584,2,1.0,3,2,350.0,15,5.0,5.0,4.880000114440918,5.0,4.880000114440918,8,1.0,1,1.0,0.0,1.0,0.0,1.0,1,1
1.245917374923327,3,2.0,4,6,180.0,20,5.0,5.0,5.0,5.0,5.0,5,0.0,0,0.0,0.0,0.0,0.0,1.0,5,0
1.2330944470597418,3,3.0,3,6,250.0,18,5.0,5.0,4.860000133514404,4.860000133514404,5.0,7,0.0,1,0.0,0.0,1.0,0.0,1.0,4,0
0.25752726012728966,3,3.0,4,7,350.0,23,4.900000095367432,4.0,4.78000020980835,4.949999809265137,4.849999904632568,41,1.0,1,1.0,1.0,1.0,0.0,1.0,8,1
2.1824146321358113,4,5.0,4,12,250.0,3,5.0,5.0,5.0,5.0,5.0,2,0.0,1,0.0,0.0,0.0,0.0,1.0,2,8
0.6411471816800239,1,1.0,1,2,80.0,7,5.0,5.0,5.0,4.920000076293945,5.0,13,0.0,1,1.0,0.0,1.0,0.0,0.0,1,1
1.4966169007391512,2,3.0,2,10,300.0,24,5.0,5.0,5.0,5.0,5.0,9,0.0,1,1.0,0.0,1.0,0.0,0.0,2,1
0.7619777495507298,3,2.0,3,6,350.0,22,4.880000114440918,4.0,4.519999980926514,4.960000038146973,4.760000228881836,25,0.0,1,0.0,0.0,0.0,0.0,1.0,5,0
0.16889249944638185,3,2.0,7,10,290.0,20,4.889999866485596,4.0,4.920000076293945,4.889999866485596,4.889999866485596,37,1.0,1,1.0,0.0,1.0,0.0,1.0,7,1
1.874965054388874,4,4.0,6,12,500.0,25,5.0,5.0,5.0,5.0,5.0,5,0.0,1,0.0,0.0,0.0,0.0,1.0,7,0
0.1104501633446345,4,3.0,4,10,350.0,36,4.920000076293945,4.0,4.829999923706055,5.0,4.75,12,0.0,1,0.0,0.0,1.0,0.0,1.0,3,2
1.1119079381016086,2,3.0,4,6,250.0,14,4.710000038146973,4.0,4.929999828338623,5.0,4.789999961853027,14,1.0,1,0.0,0.0,0.0,0.0,1.0,3,2
0.35570542444211894,3,0.0,4,6,300.0,21,4.940000057220459,4.0,4.880000114440918,5.0,4.940000057220459,16,0.0,1,0.0,0.0,1.0,0.0,1.0,3,9
1.3087062504795084,4,4.0,4,11,450.0,31,5.0,5.0,4.78000020980835,4.889999866485596,4.670000076293945,9,0.0,1,0.0,0.0,0.0,0.0,1.0,5,11
0.7443080800470139,3,3.0,3,8,300.0,26,5.0,5.0,5.0,5.0,5.0,5,0.0,1,1.0,0.0,1.0,0.0,1.0,7,2
0.20466260308146772,2,3.0,3,6,300.0,32,5.0,5.0,4.949999809265137,4.860000133514404,4.860000133514404,22,0.0,1,0.0,0.0,1.0,0.0,1.0,5,11
0.7302446150034672,3,3.0,7,8,450.0,31,4.880000114440918,4.0,4.869999885559082,4.78000020980835,4.679999828338623,78,1.0,1,1.0,0.0,0.0,0.0,1.0,7,2
1.1038996636320775,2,1.0,4,6,250.0,8,4.75,4.0,5.0,4.670000076293945,4.670000076293945,12,0.0,1,1.0,0.0,1.0,0.0,0.0,6,11
1.1061967100544716,3,3.0,3,9,350.0,15,4.71999979019165,4.0,4.829999923706055,4.829999923706055,4.78000020980835,18,0.0,1,0.0,0.0,0.0,0.0,1.0,7,2
0.07189646065186954,3,2.0,4,6,350.0,13,5.0,5.0,5.0,5.0,5.0,6,0.0,1,0.0,0.0,0.0,0.0,1.0,5,3
0.026111769462679745,2,1.0,3,5,220.0,0,4.940000057220459,4.0,4.909999847412109,4.960000038146973,4.869999885559082,0,1.0,1,0.0,1.0,0.0,1.0,1.0,6,1
0.22861729969617847,2,2.0,3,6,250.0,18,4.760000228881836,4.0,4.71999979019165,4.960000038146973,4.679999828338623,25,0.0,1,0.0,0.0,0.0,0.0,1.0,3,3
0.9873527751176872,2,2.0,3,4,10.0,12,5.0,5.0,4.909999847412109,4.909999847412109,5.0,11,0.0,1,0.0,0.0,1.0,0.0,1.0,2,0
0.03511211158534728,2,1.0,3,5,250.0,0,4.920000076293945,4.0,4.920000076293945,5.0,4.670000076293945,12,0.0,1,1.0,0.0,1.0,0.0,1.0,0,11
0.12998863846594305,3,2.0,4,6,250.0,25,5.0,5.0,5.0,5.0,5.0,8,0.0,1,0.0,0.0,1.0,0.0,1.0,2,2
2.475073353434276,3,3.0,3,7,400.0,41,5.0,5.0,4.860000133514404,4.960000038146973,4.960000038146973,28,0.0,1,1.0,0.0,1.0,0.0,1.0,4,7
1.1816170340312382,2,1.0,3,6,200.0,22,4.829999923706055,4.0,4.909999847412109,4.909999847412109,4.789999961853027,140,0.0,1,1.0,0.0,1.0,0.0,1.0,6,11
0.3035454079543924,4,3.0,6,10,300.0,21,4.75,4.0,4.75,4.75,4.75,4,0.0,1,0.0,0.0,0.0,0.0,1.0,2,0
0.164631620690727,3,2.0,3,6,280.0,13,5.0,5.0,4.75,4.75,5.0,4,1.0,1,0.0,0.0,0.0,0.0,1.0,1,6
0.08667970190812545,3,3.0,4,8,390.0,28,5.0,5.0,5.0,4.920000076293945,4.829999923706055,12,0.0,1,0.0,0.0,0.0,0.0,1.0,4,7
2.277302441611595,4,3.0,5,8,250.0,34,4.869999885559082,4.0,4.869999885559082,5.0,4.800000190734863,45,1.0,1,1.0,0.0,1.0,0.0,1.0,5,4
0.17241725203531094,3,2.0,3,8,400.0,19,4.940000057220459,4.0,4.880000114440918,4.940000057220459,4.820000171661377,17,1.0,1,1.0,0.0,1.0,0.0,1.0,3,0
0.7515637789128994,3,2.0,4,8,275.0,21,4.789999961853027,4.0,4.550000190734863,4.96999979019165,4.760000228881836,29,0.0,1,0.0,0.0,1.0,0.0,1.0,3,5
1.4675569457018756,3,2.0,3,8,300.0,36,5.0,5.0,4.829999923706055,5.0,4.5,12,0.0,1,0.0,0.0,0.0,0.0,1.0,8,0
0.177738489280894,3,2.0,6,10,390.0,37,4.880000114440918,4.0,4.75,5.0,4.820000171661377,56,0.0,1,1.0,0.0,0.0,0.0,1.0,6,5
0.3711372177304453,3,3.0,3,8,300.0,58,4.96999979019165,4.0,4.860000133514404,4.949999809265137,4.949999809265137,37,0.0,1,0.0,1.0,1.0,0.0,1.0,5,3
4.570166501798502,1,1.0,1,2,0.0,58,5.0,5.0,4.980000019073486,4.949999809265137,4.980000019073486,41,1.0,1,1.0,1.0,1.0,0.0,0.0,5,1
0.48320928999126866,3,2.0,4,7,250.0,18,5.0,5.0,4.860000133514404,5.0,5.0,7,0.0,1,0.0,0.0,0.0,0.0,1.0,3,3
1.3301219934852455,3,2.0,5,8,200.0,26,4.78000020980835,4.0,4.639999866485596,4.949999809265137,4.789999961853027,81,0.0,1,1.0,0.0,1.0,0.0,1.0,5,4
2.6144783839561634,3,2.0,5,7,380.0,29,5.0,5.0,4.880000114440918,5.0,5.0,8,0.0,1,0.0,0.0,1.0,0.0,1.0,3,2
0.8924806023872343,2,2.0,2,5,250.0,17,4.920000076293945,4.0,5.0,4.920000076293945,4.75,12,1.0,1,0.0,0.0,1.0,0.0,1.0,5,10
0.12284577419307403,3,2.0,5,8,450.0,29,4.949999809265137,4.0,4.900000095367432,4.96999979019165,4.849999904632568,39,0.0,1,1.0,0.0,1.0,0.0,1.0,5,11
1.0893622014010973,4,4.0,4,8,495.0,112,4.940000057220459,4.0,4.940000057220459,4.929999828338623,4.889999866485596,175,1.0,1,0.0,0.0,1.0,0.0,1.0,6,5
0.5503368627055834,2,1.0,5,6,351.0,0,5.0,5.0,5.0,5.0,5.0,6,1.0,1,0.0,1.0,1.0,0.0,1.0,6,1
2.197074334516776,3,3.0,4,6,300.0,29,5.0,5.0,5.0,5.0,5.0,5,0.0,1,0.0,0.0,1.0,0.0,1.0,1,5
1.6978914652374977,3,2.0,6,8,500.0,33,5.0,5.0,5.0,5.0,5.0,2,1.0,1,0.0,1.0,0.0,0.0,1.0,6,1
0.24349406910993554,1,1.0,3,4,200.0,36,5.0,5.0,5.0,4.980000019073486,4.960000038146973,45,1.0,1,1.0,0.0,1.0,0.0,1.0,1,10
1.9566373446414973,2,1.0,4,7,200.0,18,5.0,5.0,5.0,5.0,5.0,6,0.0,1,0.0,0.0,0.0,0.0,1.0,5,2
0.7400447413405519,3,4.0,4,12,350.0,15,4.840000152587891,4.0,4.849999904632568,4.800000190734863,4.800000190734863,61,0.0,1,1.0,0.0,1.0,0.0,1.0,3,9
0.784155832296967,1,1.0,1,4,200.0,29,4.5,4.0,4.579999923706055,4.670000076293945,4.25,12,0.0,1,0.0,0.0,0.0,0.0,1.0,5,4
0.0509775305899246,1,1.0,1,2,150.0,0,5.0,5.0,5.0,5.0,4.5,2,1.0,0,0.0,1.0,0.0,0.0,1.0,6,1
0.5164922306541571,2,1.0,3,5,150.0,13,4.869999885559082,4.0,5.0,4.860000133514404,4.789999961853027,15,1.0,1,0.0,0.0,0.0,0.0,0.0,8,10
1.1820385904320705,3,2.0,3,6,249.0,11,4.96999979019165,4.0,4.96999979019165,5.0,4.949999809265137,38,0.0,1,0.0,0.0,1.0,0.0,1.0,4,0
0.11042239374840207,2,2.0,2,6,300.0,19,4.800000190734863,4.0,4.900000095367432,5.0,4.699999809265137,10,0.0,1,1.0,1.0,0.0,0.0,1.0,2,3
1.0882347328891022,3,2.0,6,8,350.0,20,4.820000171661377,4.0,4.820000171661377,4.820000171661377,4.730000019073486,11,0.0,1,1.0,0.0,0.0,0.0,1.0,2,3
0.28936085114459387,3,2.0,3,6,456.0,0,5.0,5.0,4.75,5.0,5.0,4,1.0,1,0.0,1.0,0.0,0.0,1.0,6,1
1.1352825056427318,3,3.0,4,7,400.0,23,5.0,5.0,5.0,5.0,5.0,6,0.0,1,0.0,0.0,0.0,0.0,1.0,4,2
0.04787179432808952,2,1.0,3,5,220.0,0,4.579999923706055,4.0,4.5,4.579999923706055,4.579999923706055,12,1.0,1,0.0,1.0,0.0,0.0,1.0,6,1
0.2964797259861088,1,1.0,1,3,30.0,19,4.960000038146973,4.0,4.920000076293945,5.0,4.880000114440918,26,0.0,1,1.0,0.0,1.0,0.0,0.0,6,11
0.3352894442640195,2,2.0,3,6,400.0,17,4.960000038146973,4.0,4.929999828338623,4.860000133514404,5.0,28,1.0,1,0.0,1.0,1.0,0.0,1.0,6,1
0.35749167871883153,12,13.0,34,16,700.0,61,4.670000076293945,4.0,4.46999979019165,4.46999979019165,4.53000020980835,15,0.0,1,0.0,0.0,0.0,0.0,0.0,5,1
1.2266632205519767,2,2.0,6,16,100.0,16,4.760000228881836,4.0,4.619999885559082,4.860000133514404,4.659999847412109,29,0.0,1,0.0,0.0,0.0,0.0,0.0,9,7
0.3201046439731633,3,2.0,3,7,200.0,29,4.980000019073486,4.0,4.929999828338623,4.949999809265137,5.0,43,1.0,1,1.0,0.0,1.0,0.0,1.0,1,8
2.1078070415172103,2,2.0,0,8,0.0,13,5.0,5.0,5.0,5.0,5.0,12,0.0,1,1.0,0.0,1.0,0.0,1.0,0,9
0.15573460182833232,3,2.0,4,6,400.0,0,4.940000057220459,4.0,4.909999847412109,4.960000038146973,4.869999885559082,0,0.0,1,0.0,0.0,0.0,0.0,1.0,6,11
1.9390789552646115,2,2.0,8,4,220.0,33,5.0,5.0,5.0,5.0,5.0,6,1.0,1,0.0,0.0,1.0,0.0,1.0,2,1
0.37676316393854786,2,2.0,2,4,50.0,19,4.940000057220459,4.0,5.0,4.559999942779541,4.809999942779541,16,0.0,1,1.0,0.0,1.0,0.0,1.0,1,0
0.21567655260072374,2,2.0,2,6,200.0,15,4.909999847412109,4.0,5.0,4.909999847412109,4.820000171661377,11,1.0,1,1.0,0.0,1.0,0.0,1.0,8,0
0.27066722591266584,2,2.0,2,5,300.0,12,5.0,5.0,4.75,5.0,5.0,8,1.0,1,1.0,1.0,1.0,0.0,1.0,8,1
2.1166506521493784,2,2.0,3,6,250.0,14,4.909999847412109,4.0,4.820000171661377,4.820000171661377,4.909999847412109,11,0.0,1,0.0,0.0,0.0,0.0,1.0,3,2
1.2115146688271956,2,2.0,2,5,300.0,32,4.650000095367432,4.0,4.599999904632568,4.960000038146973,4.769999980926514,52,0.0,1,0.0,0.0,0.0,0.0,1.0,4,4
1.5192864591803048,3,2.0,6,8,250.0,31,4.980000019073486,4.0,4.929999828338623,4.980000019073486,4.949999809265137,96,0.0,1,1.0,0.0,1.0,0.0,1.0,5,5
0.03349740105502337,2,2.0,3,6,280.0,22,5.0,5.0,5.0,5.0,4.929999828338623,14,1.0,1,1.0,0.0,1.0,0.0,1.0,2,1
0.7818519191991099,2,2.0,3,7,180.0,16,5.0,5.0,5.0,4.710000038146973,5.0,7,0.0,1,0.0,0.0,1.0,0.0,1.0,8,9
0.5637348390846681,3,3.0,3,6,500.0,21,4.869999885559082,4.0,4.800000190734863,4.800000190734863,4.800000190734863,15,1.0,1,0.0,1.0,1.0,0.0,1.0,6,1
0.30040596336317443,3,3.0,3,8,330.0,0,4.710000038146973,4.0,4.53000020980835,5.0,4.710000038146973,17,0.0,1,1.0,0.0,0.0,0.0,1.0,4,3
0.055217611053360253,1,1.0,1,2,250.0,57,5.0,5.0,4.949999809265137,4.900000095367432,4.900000095367432,21,1.0,1,1.0,0.0,1.0,0.0,1.0,4,10
0.22394304052305763,3,3.0,4,8,300.0,17,5.0,5.0,4.670000076293945,4.78000020980835,4.889999866485596,9,0.0,1,1.0,0.0,0.0,0.0,1.0,8,2
0.026111769462679745,1,1.0,2,4,190.0,0,5.0,5.0,5.0,4.920000076293945,4.829999923706055,12,1.0,0,0.0,1.0,1.0,0.0,1.0,6,1
1.2586441628185439,1,1.0,1,2,100.0,33,5.0,5.0,5.0,4.639999866485596,4.860000133514404,14,0.0,1,1.0,0.0,1.0,0.0,0.0,2,0
2.4657762283799007,3,2.0,3,6,300.0,28,4.929999828338623,4.0,4.71999979019165,4.929999828338623,4.929999828338623,29,1.0,1,0.0,0.0,1.0,0.0,1.0,6,11
1.423087468145757,3,3.0,4,8,250.0,29,5.0,5.0,5.0,4.880000114440918,5.0,8,1.0,1,1.0,0.0,1.0,0.0,1.0,1,1
1.7807267785072867,4,3.0,6,11,350.0,31,5.0,5.0,5.0,5.0,4.710000038146973,7,0.0,1,0.0,1.0,0.0,0.0,1.0,8,0
0.43008528901384635,2,2.0,2,4,400.0,14,4.599999904632568,4.0,4.300000190734863,4.400000095367432,4.400000095367432,10,1.0,1,0.0,1.0,0.0,0.0,1.0,6,1
0.6543738112305258,1,1.0,1,4,150.0,28,5.0,5.0,5.0,4.820000171661377,4.909999847412109,22,0.0,1,1.0,0.0,1.0,0.0,0.0,1,0
0.5386290061701371,2,2.0,2,4,300.0,34,4.949999809265137,4.0,4.920000076293945,4.820000171661377,4.679999828338623,38,0.0,1,1.0,0.0,1.0,0.0,1.0,6,0
0.290411424576171,1,1.0,1,2,170.0,0,5.0,5.0,5.0,5.0,5.0,6,1.0,1,0.0,1.0,1.0,0.0,1.0,6,1
0.09333741949919522,2,2.0,2,6,200.0,15,4.769999980926514,4.0,4.769999980926514,4.96999979019165,4.809999942779541,64,1.0,1,0.0,0.0,1.0,0.0,1.0,2,3
2.1402968737118324,4,4.0,4,8,200.0,27,4.940000057220459,4.0,4.909999847412109,4.960000038146973,4.869999885559082,0,0.0,1,0.0,0.0,0.0,0.0,1.0,3,0
0.38571901393240376,2,2.0,3,6,250.0,11,5.0,5.0,5.0,4.670000076293945,4.829999923706055,6,0.0,1,1.0,0.0,0.0,0.0,1.0,5,6
0.0509775305899246,1,1.0,2,3,180.0,0,4.769999980926514,4.0,4.849999904632568,4.920000076293945,4.690000057220459,13,1.0,1,0.0,1.0,0.0,0.0,1.0,6,1
0.7648501782089705,3,2.0,6,8,250.0,30,4.960000038146973,4.0,4.920000076293945,5.0,4.800000190734863,96,1.0,1,1.0,0.0,1.0,0.0,1.0,8,2
1.6258645947336012,0,1.0,1,4,150.0,8,4.849999904632568,4.0,4.849999904632568,4.769999980926514,4.849999904632568,13,0.0,1,1.0,0.0,1.0,0.0,1.0,0,11
0.09019340522184731,3,2.0,4,8,350.0,17,5.0,5.0,5.0,5.0,4.889999866485596,9,0.0,1,0.0,0.0,1.0,0.0,1.0,3,0
0.22247978299771992,3,4.0,3,6,456.0,44,4.880000114440918,4.0,4.880000114440918,4.940000057220459,4.880000114440918,16,1.0,1,0.0,1.0,1.0,0.0,1.0,6,1
0.5706925562203963,3,3.0,4,8,190.0,20,4.769999980926514,4.0,4.639999866485596,4.949999809265137,4.639999866485596,22,0.0,1,0.0,0.0,0.0,0.0,1.0,5,10
0.3650667044880282,3,3.0,3,8,350.0,33,4.820000171661377,4.0,4.820000171661377,5.0,4.820000171661377,11,0.0,1,0.0,0.0,1.0,0.0,1.0,6,0
1.87452877331981,3,3.0,5,9,200.0,20,4.849999904632568,4.0,4.679999828338623,4.889999866485596,4.769999980926514,62,0.0,1,1.0,0.0,1.0,0.0,1.0,5,4
1.895392774706491,3,3.0,3,6,150.0,100,4.909999847412109,4.0,4.78000020980835,4.960000038146973,4.960000038146973,23,0.0,1,1.0,0.0,0.0,0.0,1.0,2,0
1.093403831081956,2,2.0,3,8,195.0,39,4.920000076293945,4.0,4.920000076293945,4.920000076293945,4.920000076293945,12,0.0,1,1.0,0.0,1.0,0.0,0.0,1,11
0.5697921499767622,3,3.0,5,11,250.0,19,4.960000038146973,4.0,4.760000228881836,5.0,4.880000114440918,25,1.0,1,1.0,0.0,1.0,0.0,1.0,6,2
2.00355498800811,2,2.0,3,6,350.0,36,5.0,5.0,4.900000095367432,5.0,5.0,10,0.0,1,0.0,1.0,1.0,0.0,1.0,8,0
0.2183826614115115,3,2.0,3,7,250.0,16,5.0,5.0,4.909999847412109,5.0,4.909999847412109,11,0.0,1,1.0,0.0,1.0,0.0,1.0,1,11
0.5900453367832721,4,0.0,5,10,350.0,19,4.789999961853027,4.0,4.789999961853027,4.929999828338623,4.789999961853027,14,1.0,1,0.0,0.0,0.0,0.0,1.0,1,7
0.7276693811428531,3,3.0,3,9,400.0,20,5.0,5.0,5.0,5.0,4.860000133514404,7,0.0,1,0.0,0.0,1.0,0.0,1.0,2,2
0.3236967859761189,2,2.0,4,6,250.0,17,4.889999866485596,4.0,4.78000020980835,4.889999866485596,4.559999942779541,9,0.0,1,0.0,0.0,1.0,0.0,1.0,3,11
1.86279397843174,3,3.0,5,9,450.0,37,4.920000076293945,4.0,4.96999979019165,4.96999979019165,4.809999942779541,36,1.0,1,1.0,0.0,1.0,0.0,1.0,9,2
2.075901330652658,2,1.0,2,6,250.0,0,4.920000076293945,4.0,5.0,4.920000076293945,4.920000076293945,13,0.0,1,1.0,0.0,1.0,0.0,1.0,0,4
0.009955649738851434,3,2.0,5,10,300.0,35,4.820000171661377,4.0,4.710000038146973,4.980000019073486,4.760000228881836,119,0.0,1,1.0,0.0,1.0,0.0,1.0,6,4
0.039218698508173486,1,1.0,2,4,180.0,0,5.0,5.0,5.0,5.0,5.0,13,0.0,1,1.0,0.0,1.0,0.0,1.0,0,5
0.21083264666617454,3,2.0,5,9,280.0,42,4.849999904632568,4.0,4.889999866485596,4.960000038146973,4.849999904632568,157,1.0,1,0.0,0.0,1.0,0.0,1.0,7,2
2.140782413584264,3,3.0,3,15,150.0,30,5.0,5.0,5.0,5.0,5.0,8,0.0,1,0.0,0.0,1.0,0.0,1.0,3,0
0.9009266222468959,2,2.0,8,5,200.0,45,4.960000038146973,4.0,5.0,4.699999809265137,4.840000152587891,83,1.0,1,1.0,0.0,1.0,0.0,1.0,5,11
0.2183826614115115,2,2.0,4,6,100.0,14,4.699999809265137,4.0,4.590000152587891,4.849999904632568,4.630000114440918,27,0.0,1,0.0,0.0,0.0,0.0,1.0,1,0
0.40202558195438415,2,2.0,4,6,250.0,21,4.880000114440918,4.0,5.0,5.0,4.630000114440918,8,1.0,1,0.0,0.0,0.0,0.0,1.0,2,3
1.7995912397522371,3,2.0,3,6,417.0,57,4.760000228881836,4.0,4.739999771118164,4.940000057220459,4.53000020980835,34,1.0,1,0.0,1.0,0.0,0.0,1.0,10,0
1.6749868776600638,3,0.0,3,8,300.0,14,4.849999904632568,4.0,4.849999904632568,4.920000076293945,4.920000076293945,13,1.0,1,1.0,0.0,1.0,0.0,1.0,2,1
0.1424305791139949,3,2.0,5,8,350.0,34,4.909999847412109,4.0,4.860000133514404,4.949999809265137,4.769999980926514,22,0.0,1,0.0,0.0,1.0,0.0,1.0,6,1
0.15377429935109355,3,3.0,4,8,250.0,27,5.0,5.0,4.5,5.0,5.0,6,0.0,1,0.0,0.0,1.0,0.0,1.0,7,3
0.07898261704935822,3,2.0,5,8,350.0,26,4.880000114440918,4.0,4.920000076293945,5.0,4.789999961853027,24,0.0,1,1.0,0.0,1.0,0.0,1.0,4,2
0.058539783403233285,3,2.0,3,8,280.0,29,5.0,5.0,4.880000114440918,4.880000114440918,5.0,8,0.0,1,1.0,0.0,1.0,0.0,1.0,5,10
0.29644588387597764,2,1.0,2,5,150.0,18,4.809999942779541,4.0,4.880000114440918,4.860000133514404,4.860000133514404,42,0.0,1,1.0,0.0,0.0,0.0,0.0,4,0
2.6826174056347734,2,2.0,2,4,369.0,0,4.710000038146973,4.0,4.289999961853027,4.570000171661377,4.570000171661377,7,1.0,1,0.0,1.0,0.0,0.0,1.0,6,1
1.2787059859677845,2,2.0,2,6,210.0,23,5.0,5.0,5.0,4.960000038146973,4.809999942779541,27,0.0,1,0.0,0.0,1.0,0.0,1.0,6,0
0.8909616551858399,2,1.0,2,4,250.0,2,4.929999828338623,4.0,5.0,4.860000133514404,4.929999828338623,14,0.0,1,0.0,0.0,1.0,0.0,1.0,5,6
0.3868222244106433,1,1.0,1,2,0.0,14,4.769999980926514,4.0,4.650000095367432,4.96999979019165,4.610000133514404,31,0.0,0,0.0,0.0,1.0,0.0,1.0,7,0
0.06509705913507505,2,2.0,3,6,180.0,24,4.480000019073486,4.0,4.800000190734863,4.920000076293945,4.599999904632568,25,0.0,1,0.0,0.0,0.0,0.0,1.0,3,9
1.097497062877053,3,3.0,3,8,150.0,60,4.940000057220459,4.0,4.940000057220459,4.96999979019165,4.889999866485596,35,0.0,1,0.0,0.0,1.0,0.0,1.0,4,2
2.3954914507228535,2,1.0,5,8,250.0,21,4.900000095367432,4.0,5.0,4.800000190734863,4.800000190734863,10,0.0,1,0.0,0.0,1.0,0.0,1.0,9,0
0.018632037628765117,2,2.0,2,6,250.0,129,5.0,5.0,4.940000057220459,5.0,4.78000020980835,18,0.0,1,1.0,0.0,1.0,0.0,1.0,4,1
1.5732345598989557,4,3.0,6,11,400.0,47,5.0,5.0,4.829999923706055,5.0,4.670000076293945,6,0.0,1,0.0,0.0,0.0,0.0,1.0,9,7
0.10613618268796671,3,3.0,5,8,550.0,64,5.0,5.0,4.960000038146973,5.0,4.809999942779541,49,1.0,1,1.0,0.0,1.0,0.0,1.0,7,7
0.22964891273611834,1,1.0,2,3,35.0,8,4.840000152587891,4.0,4.820000171661377,4.829999923706055,4.829999923706055,504,1.0,1,1.0,1.0,0.0,0.0,1.0,7,0
0.9236561758436087,2,2.0,3,6,250.0,31,4.829999923706055,4.0,4.670000076293945,4.920000076293945,4.829999923706055,12,0.0,1,0.0,0.0,0.0,0.0,1.0,2,11
0.06831673533666273,1,1.0,1,2,0.0,24,4.869999885559082,4.0,4.869999885559082,5.0,4.800000190734863,15,0.0,0,1.0,0.0,1.0,0.0,1.0,1,0
1.498118618169134,3,2.0,4,6,250.0,16,5.0,5.0,4.960000038146973,5.0,4.920000076293945,26,0.0,1,0.0,0.0,1.0,0.0,1.0,5,4
0.5529127800620064,2,3.0,3,4,300.0,79,4.75,4.0,4.809999942779541,4.78000020980835,4.690000057220459,95,0.0,1,1.0,1.0,0.0,0.0,1.0,6,2
0.19636015206549348,2,2.0,4,7,250.0,17,4.929999828338623,4.0,4.800000190734863,4.929999828338623,4.900000095367432,41,0.0,1,0.0,0.0,1.0,0.0,1.0,3,3
1.1509586899560333,2,2.0,3,6,250.0,14,4.639999866485596,4.0,4.5,4.960000038146973,4.849999904632568,165,1.0,1,0.0,0.0,0.0,0.0,1.0,9,1
2.083960600450302,2,2.0,3,6,400.0,18,4.71999979019165,4.0,4.800000190734863,4.889999866485596,4.760000228881836,46,1.0,1,0.0,1.0,0.0,0.0,1.0,6,1
0.9224055960345782,3,2.0,6,8,300.0,42,4.929999828338623,4.0,4.800000190734863,5.0,4.829999923706055,30,0.0,1,1.0,0.0,1.0,0.0,1.0,4,11
0.08068350730584069,2,1.0,3,4,200.0,21,5.0,5.0,5.0,5.0,5.0,1,0.0,1,0.0,0.0,0.0,0.0,1.0,0,11
2.619580092746475,2,2.0,3,5,290.0,52,4.880000114440918,4.0,4.789999961853027,4.96999979019165,4.679999828338623,34,0.0,1,0.0,0.0,1.0,0.0,1.0,6,1
0.1683352209806007,3,2.0,3,6,300.0,22,4.929999828338623,4.0,4.929999828338623,5.0,4.929999828338623,15,0.0,1,0.0,0.0,1.0,0.0,1.0,2,6
0.4504802827485589,2,1.0,3,5,130.0,17,4.809999942779541,4.0,4.920000076293945,4.760000228881836,4.889999866485596,37,0.0,1,1.0,0.0,1.0,0.0,1.0,1,2
0.3657742673384165,2,1.0,4,6,150.0,48,4.670000076293945,4.0,4.579999923706055,4.820000171661377,4.650000095367432,57,0.0,1,0.0,0.0,0.0,0.0,1.0,6,1
0.11948040194555053,4,5.0,10,16,400.0,64,5.0,5.0,5.0,5.0,5.0,3,0.0,1,0.0,0.0,0.0,0.0,0.0,6,1
0.2636060584067282,3,2.0,3,8,520.0,33,4.849999904632568,4.0,4.78000020980835,4.78000020980835,4.610000133514404,41,0.0,1,0.0,0.0,0.0,0.0,1.0,6,8
2.1925167731627666,3,3.0,5,8,280.0,57,4.880000114440918,4.0,4.78000020980835,4.809999942779541,4.78000020980835,32,0.0,1,1.0,0.0,0.0,0.0,1.0,3,5
0.4040476955947315,3,2.0,4,7,0.0,14,4.880000114440918,4.0,4.880000114440918,4.690000057220459,4.880000114440918,16,1.0,1,0.0,0.0,1.0,0.0,0.0,4,10
1.778550326797542,2,2.0,4,6,250.0,5,5.0,5.0,5.0,4.940000057220459,5.0,18,0.0,1,1.0,0.0,1.0,0.0,1.0,7,1
0.9283089599239737,2,1.0,3,5,150.0,6,4.639999866485596,4.0,4.550000190734863,4.909999847412109,4.550000190734863,11,0.0,1,0.0,0.0,0.0,0.0,1.0,5,11
1.8214928719678527,3,2.0,4,6,200.0,21,5.0,5.0,5.0,5.0,4.909999847412109,11,0.0,1,1.0,0.0,1.0,0.0,1.0,3,1
2.1298376033470214,4,4.0,11,6,0.0,0,4.940000057220459,4.0,4.909999847412109,4.960000038146973,4.869999885559082,0,0.0,1,0.0,0.0,0.0,0.0,1.0,5,7
0.04787179432808952,1,1.0,1,2,150.0,0,4.800000190734863,4.0,4.800000190734863,4.800000190734863,4.800000190734863,5,1.0,1,0.0,1.0,0.0,0.0,1.0,6,1
1.7025833310042715,3,2.0,3,7,150.0,13,4.920000076293945,4.0,5.0,4.829999923706055,4.829999923706055,12,1.0,1,0.0,0.0,1.0,0.0,1.0,3,2
1.0262588890238777,3,2.0,7,7,360.0,25,5.0,5.0,5.0,5.0,5.0,7,0.0,1,0.0,0.0,1.0,0.0,1.0,2,10
0.4534869382245757,3,2.0,3,6,200.0,21,5.0,5.0,4.860000133514404,5.0,4.860000133514404,7,0.0,1,0.0,0.0,0.0,0.0,1.0,6,4
1.8659633338822725,3,2.0,7,9,250.0,16,4.920000076293945,4.0,4.920000076293945,4.800000190734863,4.800000190734863,25,1.0,1,0.0,0.0,1.0,0.0,0.0,6,3
0.026111769462679745,1,1.0,1,2,150.0,0,4.789999961853027,4.0,4.949999809265137,5.0,4.789999961853027,19,1.0,1,0.0,1.0,0.0,0.0,1.0,6,1
1.2578275618890433,3,3.0,3,8,0.0,30,5.0,5.0,5.0,5.0,5.0,7,1.0,1,0.0,0.0,1.0,0.0,1.0,1,1
1.1271029709382325,4,4.0,4,9,450.0,25,4.820000171661377,4.0,4.550000190734863,5.0,4.639999866485596,11,0.0,1,0.0,0.0,0.0,0.0,1.0,6,6
0.8950438335619572,3,2.0,4,6,250.0,28,5.0,5.0,5.0,4.769999980926514,5.0,35,0.0,1,1.0,0.0,1.0,0.0,0.0,3,3
0.7358168438522759,2,2.0,1,6,250.0,16,5.0,5.0,5.0,4.900000095367432,4.800000190734863,10,0.0,1,0.0,0.0,1.0,0.0,1.0,1,0
0.5264003315204525,2,4.0,2,4,250.0,47,5.0,5.0,4.960000038146973,4.880000114440918,4.920000076293945,26,0.0,1,1.0,1.0,1.0,0.0,1.0,8,0
1.0743062366046634,2,1.0,4,7,150.0,19,4.820000171661377,4.0,4.679999828338623,5.0,4.869999885559082,38,1.0,1,0.0,0.0,1.0,0.0,1.0,5,1
0.19694259605302028,3,2.0,3,8,200.0,9,4.460000038146973,4.0,4.460000038146973,4.849999904632568,4.539999961853027,13,0.0,1,0.0,0.0,0.0,0.0,1.0,2,3
0.7399758032361796,3,2.0,4,8,300.0,22,5.0,5.0,5.0,5.0,5.0,8,0.0,1,0.0,0.0,1.0,0.0,1.0,1,11
2.2312619995160605,2,2.0,4,6,180.0,51,4.539999961853027,4.0,4.829999923706055,4.78000020980835,4.610000133514404,24,1.0,1,0.0,0.0,0.0,0.0,1.0,9,1
0.12053073286100846,4,3.0,5,8,480.0,0,4.5,4.0,4.75,5.0,5.0,4,1.0,1,0.0,1.0,0.0,0.0,1.0,6,1
1.5100486451730246,3,2.0,5,8,200.0,32,5.0,5.0,4.880000114440918,5.0,4.960000038146973,24,0.0,1,1.0,0.0,1.0,0.0,1.0,2,11
0.07038585144462703,1,1.0,2,4,60.0,16,4.800000190734863,4.0,4.71999979019165,4.880000114440918,4.800000190734863,50,1.0,1,1.0,1.0,0.0,0.0,1.0,7,0
1.6884686338371895,2,2.0,2,4,300.0,24,5.0,5.0,4.710000038146973,5.0,4.710000038146973,7,0.0,1,0.0,0.0,1.0,0.0,1.0,4,2
0.04787179432808952,1,1.0,1,2,150.0,0,4.940000057220459,4.0,4.909999847412109,4.960000038146973,4.869999885559082,0,1.0,1,0.0,1.0,0.0,0.0,1.0,6,1
0.960288768648013,3,2.0,10,8,300.0,88,4.929999828338623,4.0,4.929999828338623,4.960000038146973,4.849999904632568,27,0.0,1,1.0,0.0,1.0,0.0,1.0,3,3
1.3258081748443387,0,2.0,3,6,300.0,18,4.860000133514404,4.0,4.949999809265137,4.980000019073486,4.900000095367432,42,1.0,1,1.0,0.0,1.0,0.0,1.0,5,0
0.8371263764654272,1,1.0,1,4,200.0,20,4.800000190734863,4.0,5.0,4.900000095367432,4.900000095367432,10,0.0,1,0.0,0.0,1.0,0.0,1.0,5,4
2.1514094077161947,3,2.0,6,10,300.0,69,4.989999771118164,4.0,4.840000152587891,4.960000038146973,4.889999866485596,95,0.0,1,1.0,0.0,1.0,0.0,1.0,5,5
0.3639276364449013,2,1.0,4,5,200.0,15,4.769999980926514,4.0,4.849999904632568,4.619999885559082,4.849999904632568,13,1.0,1,0.0,0.0,0.0,0.0,1.0,2,0
1.7524359862058554,3,3.0,3,8,400.0,113,4.820000171661377,4.0,4.760000228881836,4.880000114440918,4.760000228881836,17,0.0,1,1.0,0.0,1.0,0.0,1.0,5,10
0.7282694760107133,3,3.0,4,8,100.0,0,5.0,5.0,4.909999847412109,5.0,5.0,11,1.0,1,1.0,0.0,1.0,0.0,1.0,0,3
0.03513021666268659,2,1.0,3,5,220.0,0,4.940000057220459,4.0,4.909999847412109,4.960000038146973,4.869999885559082,0,1.0,1,0.0,1.0,0.0,1.0,1.0,6,1
1.61724718463748,3,4.0,3,9,320.0,44,4.869999885559082,4.0,4.739999771118164,4.940000057220459,4.809999942779541,31,0.0,1,0.0,0.0,1.0,0.0,1.0,7,3
0.1391908433157082,2,1.0,3,4,120.0,12,4.920000076293945,4.0,4.75,4.920000076293945,4.829999923706055,12,1.0,1,1.0,0.0,1.0,0.0,1.0,8,3
1.7229497669647549,2,2.0,3,6,250.0,15,5.0,5.0,5.0,5.0,5.0,5,1.0,1,0.0,0.0,1.0,0.0,1.0,1,9
2.5304172084774423,2,2.0,2,8,350.0,35,4.949999809265137,4.0,4.909999847412109,4.949999809265137,4.949999809265137,22,0.0,1,0.0,1.0,1.0,0.0,1.0,8,0
1.418349704607374,3,3.0,3,6,300.0,17,5.0,5.0,4.829999923706055,4.829999923706055,5.0,6,0.0,1,0.0,0.0,1.0,0.0,1.0,2,0
0.44235511615186573,3,3.0,3,6,250.0,82,4.980000019073486,4.0,4.949999809265137,5.0,4.96999979019165,60,1.0,1,1.0,0.0,1.0,0.0,1.0,5,2
0.06182774083122995,2,2.0,2,6,50.0,44,5.0,5.0,5.0,5.0,5.0,1,0.0,1,0.0,0.0,0.0,0.0,1.0,10,9
0.2402307344664968,3,2.0,5,8,200.0,29,4.769999980926514,4.0,4.739999771118164,5.0,4.650000095367432,31,0.0,1,0.0,0.0,0.0,0.0,1.0,5,1
0.2653776480576636,3,3.0,3,9,250.0,23,4.940000057220459,4.0,4.940000057220459,4.809999942779541,4.809999942779541,16,0.0,0,0.0,0.0,1.0,0.0,1.0,4,10
0.2649318419434667,1,1.0,3,4,35.0,7,4.860000133514404,4.0,4.840000152587891,4.820000171661377,4.849999904632568,373,1.0,1,1.0,1.0,0.0,0.0,1.0,7,0
2.6171215340373806,4,4.0,5,8,300.0,50,5.0,5.0,5.0,5.0,5.0,1,0.0,1,0.0,1.0,0.0,0.0,1.0,8,0
0.15575151955543678,2,2.0,3,7,250.0,46,5.0,5.0,5.0,5.0,5.0,24,0.0,1,1.0,0.0,1.0,0.0,1.0,3,1
1.6911452809211625,2,1.0,5,7,199.0,28,4.909999847412109,4.0,4.929999828338623,4.949999809265137,4.800000190734863,55,0.0,1,1.0,0.0,1.0,0.0,1.0,4,1
1.7974554797010904,4,5.0,4,10,250.0,35,5.0,5.0,5.0,5.0,5.0,6,1.0,1,0.0,0.0,0.0,0.0,1.0,5,1
0.7851415902229608,2,2.0,2,6,180.0,10,5.0,5.0,5.0,4.880000114440918,5.0,8,0.0,1,0.0,0.0,1.0,0.0,1.0,4,2
0.37707194213056966,2,1.0,4,5,180.0,19,4.909999847412109,4.0,4.889999866485596,4.789999961853027,4.860000133514404,56,0.0,1,0.0,1.0,0.0,0.0,1.0,6,2
0.8743340597924494,2,2.0,3,5,300.0,14,5.0,5.0,4.909999847412109,5.0,4.909999847412109,22,1.0,1,1.0,0.0,1.0,0.0,1.0,3,4
1.5313159487583108,2,2.0,5,7,413.0,0,4.699999809265137,4.0,4.699999809265137,5.0,4.800000190734863,10,1.0,1,0.0,1.0,0.0,0.0,1.0,5,1
0.2899083401179453,3,3.0,4,6,250.0,18,5.0,5.0,5.0,5.0,4.800000190734863,5,1.0,1,0.0,0.0,0.0,0.0,1.0,5,1
0.42279021381481113,2,2.0,4,6,220.0,22,5.0,5.0,4.960000038146973,4.960000038146973,4.960000038146973,26,0.0,1,0.0,0.0,1.0,0.0,1.0,1,7
0.06412338609366192,3,2.0,3,8,300.0,21,4.929999828338623,4.0,4.869999885559082,5.0,4.869999885559082,15,1.0,1,0.0,0.0,1.0,0.0,1.0,3,1
0.4504137122042141,2,2.0,4,6,250.0,32,5.0,5.0,4.800000190734863,5.0,4.800000190734863,5,0.0,1,0.0,0.0,0.0,0.0,1.0,1,4
1.2385566628022755,3,3.0,7,10,250.0,14,4.769999980926514,4.0,4.690000057220459,4.769999980926514,4.619999885559082,13,0.0,1,0.0,0.0,0.0,0.0,1.0,8,0
2.586406618790529,3,2.0,3,6,250.0,20,4.900000095367432,4.0,4.949999809265137,5.0,4.900000095367432,20,0.0,1,1.0,0.0,1.0,0.0,1.0,3,4
2.853779011285662,2,2.0,2,4,250.0,29,4.840000152587891,4.0,4.739999771118164,4.840000152587891,4.579999923706055,19,0.0,1,1.0,0.0,0.0,0.0,1.0,7,1
0.47910540510780425,2,2.0,3,4,150.0,18,4.949999809265137,4.0,4.949999809265137,4.949999809265137,4.889999866485596,19,1.0,1,0.0,0.0,1.0,0.0,1.0,4,11
0.3558532558332195,3,3.0,5,8,300.0,18,5.0,5.0,5.0,5.0,5.0,9,0.0,1,0.0,0.0,0.0,0.0,1.0,4,10
0.2755672447257791,2,2.0,2,6,350.0,1,5.0,5.0,4.900000095367432,4.900000095367432,5.0,20,0.0,1,0.0,0.0,1.0,0.0,1.0,5,11
0.03733662388604399,3,2.0,3,6,100.0,49,4.929999828338623,4.0,4.960000038146973,4.880000114440918,4.889999866485596,138,0.0,1,1.0,0.0,1.0,0.0,1.0,9,1
0.6088091243695668,2,2.0,2,4,290.0,12,5.0,5.0,4.730000019073486,4.449999809265137,4.909999847412109,11,1.0,1,1.0,1.0,0.0,0.0,1.0,6,2
0.5233110984933762,3,3.0,4,8,0.0,14,5.0,5.0,5.0,5.0,5.0,1,0.0,1,0.0,0.0,0.0,0.0,1.0,1,0
1.029397402871161,3,3.0,6,10,300.0,20,4.789999961853027,4.0,4.730000019073486,4.940000057220459,4.800000190734863,82,0.0,1,1.0,0.0,0.0,0.0,1.0,6,4
1.3237701106950166,3,2.0,5,7,300.0,20,5.0,5.0,5.0,5.0,4.920000076293945,13,0.0,1,0.0,0.0,1.0,0.0,1.0,3,1
0.38527249016674364,2,2.0,5,6,610.0,11,5.0,5.0,5.0,5.0,5.0,6,1.0,1,0.0,0.0,0.0,0.0,1.0,4,0
0.44113629089160084,3,2.0,3,7,270.0,137,4.909999847412109,4.0,4.940000057220459,4.96999979019165,4.909999847412109,33,0.0,1,1.0,0.0,1.0,0.0,1.0,8,11
0.6301403632829172,4,3.0,8,12,400.0,19,5.0,5.0,5.0,5.0,5.0,7,0.0,1,1.0,0.0,1.0,0.0,1.0,0,10
0.33361362690787133,1,1.0,3,4,140.0,13,5.0,5.0,4.920000076293945,5.0,4.829999923706055,12,0.0,1,0.0,0.0,1.0,0.0,0.0,1,2
1.890724553842353,2,2.0,2,6,362.0,25,4.630000114440918,4.0,4.5,4.880000114440918,4.75,8,1.0,1,0.0,1.0,0.0,0.0,1.0,6,1
0.6654269131572558,3,2.0,5,5,350.0,30,5.0,5.0,5.0,5.0,4.949999809265137,21,0.0,1,0.0,0.0,1.0,0.0,1.0,1,10
0.30758954793462173,2,2.0,4,5,0.0,12,4.960000038146973,4.0,5.0,4.960000038146973,4.960000038146973,25,0.0,1,0.0,0.0,1.0,0.0,1.0,5,1
0.18173605004100302,2,2.0,2,5,230.0,34,4.900000095367432,4.0,4.900000095367432,5.0,4.900000095367432,10,0.0,1,1.0,0.0,1.0,0.0,1.0,8,2
0.026111769462679745,1,1.0,2,4,200.0,0,5.0,5.0,5.0,5.0,5.0,11,1.0,1,1.0,0.0,1.0,0.0,1.0,0,5
0.04154056100103579,1,1.0,1,2,150.0,0,4.139999866485596,4.0,4.860000133514404,4.710000038146973,4.139999866485596,7,1.0,1,0.0,1.0,0.0,0.0,1.0,6,1
1.9896351733191646,2,2.0,2,6,300.0,16,4.940000057220459,4.0,5.0,4.710000038146973,5.0,17,0.0,1,1.0,0.0,1.0,0.0,1.0,2,0
0.7139544234543738,3,3.0,4,6,300.0,33,4.980000019073486,4.0,4.940000057220459,4.820000171661377,4.920000076293945,106,0.0,1,1.0,0.0,1.0,0.0,1.0,5,1
0.14254074212588141,3,2.0,5,9,0.0,0,4.940000057220459,4.0,4.909999847412109,4.960000038146973,4.869999885559082,0,0.0,1,0.0,0.0,0.0,1.0,0.0,0,0
0.08298477768667116,4,3.0,5,7,300.0,25,4.920000076293945,4.0,4.940000057220459,4.96999979019165,4.889999866485596,66,1.0,1,0.0,0.0,1.0,0.0,1.0,3,1
0.09448890577840288,4,4.0,6,10,250.0,29,5.0,5.0,4.829999923706055,5.0,5.0,12,0.0,1,1.0,0.0,1.0,0.0,1.0,9,5
0.20810454590405672,2,2.0,7,9,60.0,16,4.860000133514404,4.0,4.78000020980835,4.860000133514404,4.829999923706055,293,1.0,1,1.0,1.0,1.0,0.0,1.0,7,0
0.0509775305899246,1,1.0,1,2,170.0,0,4.940000057220459,4.0,4.909999847412109,4.960000038146973,4.869999885559082,0,1.0,1,0.0,1.0,0.0,0.0,1.0,6,1
0.3352894442640195,2,2.0,2,5,200.0,34,5.0,5.0,4.929999828338623,4.929999828338623,4.869999885559082,15,0.0,1,1.0,0.0,1.0,0.0,1.0,1,1
0.5271716243633338,3,3.0,3,6,200.0,20,4.900000095367432,4.0,4.900000095367432,5.0,4.929999828338623,58,0.0,1,1.0,1.0,1.0,0.0,1.0,8,0
0.5927188119798349,4,3.0,5,11,300.0,31,4.849999904632568,4.0,4.690000057220459,4.920000076293945,4.849999904632568,13,0.0,1,0.0,0.0,0.0,0.0,1.0,4,3
2.6565022570130266,3,4.0,3,8,310.0,36,5.0,5.0,4.789999961853027,4.929999828338623,4.929999828338623,14,0.0,1,1.0,0.0,1.0,0.0,1.0,2,3
0.3278636961458394,3,0.0,3,8,300.0,32,5.0,5.0,4.949999809265137,5.0,4.860000133514404,21,0.0,1,1.0,1.0,1.0,0.0,1.0,6,2
0.2893874777012619,2,2.0,3,6,150.0,13,4.920000076293945,4.0,4.860000133514404,4.820000171661377,4.880000114440918,51,0.0,1,1.0,0.0,1.0,0.0,1.0,4,2
0.9224055988034804,3,2.0,3,6,484.0,6,4.5,4.0,4.679999828338623,4.880000114440918,4.619999885559082,34,1.0,0,0.0,1.0,0.0,0.0,1.0,6,1
1.2376025077953288,2,1.0,4,6,100.0,42,4.900000095367432,4.0,4.849999904632568,4.949999809265137,4.880000114440918,195,1.0,1,1.0,0.0,1.0,0.0,1.0,7,3
2.1444759610612083,4,4.0,6,8,365.0,23,5.0,5.0,5.0,4.5,4.5,2,0.0,1,0.0,0.0,0.0,0.0,1.0,6,10
0.8209568214684007,3,3.0,6,8,300.0,14,4.940000057220459,4.0,4.590000152587891,4.96999979019165,4.940000057220459,32,1.0,1,1.0,0.0,1.0,0.0,1.0,2,1
0.19266118465114707,3,2.0,4,6,250.0,33,4.960000038146973,4.0,4.960000038146973,4.809999942779541,4.920000076293945,26,0.0,1,1.0,0.0,1.0,0.0,1.0,2,0
0.4820536218561988,2,2.0,3,4,324.0,0,5.0,5.0,4.800000190734863,5.0,5.0,5,1.0,1,0.0,1.0,1.0,0.0,1.0,10,0
1.0649451198947395,3,2.0,3,7,250.0,14,4.980000019073486,4.0,4.980000019073486,5.0,4.880000114440918,40,0.0,1,1.0,0.0,1.0,0.0,1.0,2,7
0.507064917488662,3,2.0,4,6,220.0,14,5.0,5.0,5.0,5.0,5.0,11,0.0,1,1.0,0.0,1.0,0.0,1.0,0,7
0.08565862128468758,2,2.0,3,5,250.0,15,5.0,5.0,5.0,5.0,5.0,8,0.0,1,0.0,0.0,1.0,0.0,1.0,2,4
0.4929904491059802,3,3.0,4,6,456.0,0,4.5,4.0,4.670000076293945,4.829999923706055,4.670000076293945,6,1.0,1,0.0,1.0,0.0,0.0,1.0,6,1
0.9552371418256062,2,2.0,2,5,150.0,20,5.0,5.0,5.0,4.949999809265137,4.949999809265137,21,0.0,1,1.0,0.0,1.0,0.0,1.0,1,1
1.5400373852808589,3,2.0,3,8,250.0,16,4.199999809265137,4.0,4.199999809265137,4.900000095367432,4.300000190734863,10,1.0,1,0.0,0.0,0.0,0.0,1.0,4,3
0.3866352777804491,3,2.0,4,6,380.0,27,4.829999923706055,4.0,4.78000020980835,4.869999885559082,4.869999885559082,23,0.0,1,1.0,0.0,1.0,0.0,1.0,7,11
1.8060032633215384,2,2.0,2,4,400.0,18,4.860000133514404,4.0,4.619999885559082,4.809999942779541,4.900000095367432,21,1.0,1,0.0,1.0,1.0,0.0,1.0,6,1
0.42279021381481113,3,4.0,3,8,290.0,31,4.900000095367432,4.0,4.920000076293945,4.96999979019165,4.920000076293945,39,0.0,1,0.0,0.0,1.0,0.0,1.0,3,1
0.5703903528442679,3,1.0,3,6,300.0,23,4.849999904632568,4.0,4.800000190734863,4.949999809265137,4.75,20,0.0,1,0.0,1.0,0.0,0.0,1.0,9,2
0.03449803432836727,1,1.0,2,4,190.0,0,4.909999847412109,4.0,5.0,4.820000171661377,4.730000019073486,11,1.0,1,0.0,1.0,1.0,0.0,1.0,6,1
0.8330169620214405,4,4.0,4,12,300.0,15,4.869999885559082,4.0,4.789999961853027,5.0,4.800000190734863,15,0.0,1,0.0,0.0,1.0,0.0,1.0,2,0
1.515956819729835,3,0.0,3,6,300.0,73,4.960000038146973,4.0,4.940000057220459,4.960000038146973,4.940000057220459,48,1.0,1,1.0,0.0,1.0,0.0,1.0,5,11
0.18906122063367928,1,1.0,1,4,200.0,21,5.0,5.0,5.0,5.0,5.0,1,0.0,1,0.0,0.0,0.0,0.0,1.0,2,1
0.40536415935399855,1,1.0,2,4,60.0,34,4.960000038146973,4.0,4.960000038146973,4.929999828338623,4.889999866485596,27,0.0,1,1.0,0.0,1.0,0.0,1.0,7,3
2.1336328996862206,3,1.0,3,9,280.0,19,4.78000020980835,4.0,5.0,5.0,4.78000020980835,9,0.0,1,0.0,0.0,1.0,0.0,0.0,2,0
0.05472884899816084,4,5.0,5,12,300.0,66,4.869999885559082,4.0,4.889999866485596,5.0,4.869999885559082,45,0.0,1,1.0,1.0,1.0,0.0,1.0,8,0
0.04154056100103579,1,1.0,1,2,150.0,0,5.0,5.0,5.0,5.0,4.900000095367432,10,1.0,1,0.0,1.0,1.0,0.0,1.0,6,1
0.9163782378602178,3,2.0,3,8,484.0,35,4.329999923706055,4.0,4.329999923706055,4.829999923706055,4.329999923706055,6,1.0,1,0.0,1.0,0.0,0.0,1.0,6,1
2.473748883003275,2,2.0,3,6,250.0,11,5.0,5.0,4.860000133514404,5.0,4.929999828338623,14,0.0,1,0.0,0.0,1.0,0.0,1.0,3,1
0.18562178593034612,4,3.0,5,7,300.0,26,4.949999809265137,4.0,4.980000019073486,5.0,4.900000095367432,40,0.0,1,1.0,0.0,1.0,0.0,1.0,2,8
0.026111769462679745,2,2.0,3,6,240.0,0,4.670000076293945,4.0,4.670000076293945,4.78000020980835,4.559999942779541,9,1.0,1,0.0,1.0,0.0,0.0,1.0,6,1
0.3229684227723208,2,2.0,3,5,300.0,21,4.840000152587891,4.0,4.880000114440918,4.480000019073486,4.800000190734863,25,0.0,1,1.0,1.0,1.0,0.0,1.0,4,3
0.3577539176297198,2,2.0,2,5,400.0,12,4.920000076293945,4.0,4.889999866485596,4.699999809265137,4.840000152587891,37,1.0,1,0.0,1.0,1.0,0.0,1.0,6,1
1.5315752016547612,3,2.0,7,8,300.0,17,4.849999904632568,4.0,4.949999809265137,5.0,4.949999809265137,20,1.0,1,0.0,0.0,1.0,0.0,1.0,5,3
0.12824242450247136,4,2.0,6,8,300.0,18,5.0,5.0,5.0,5.0,5.0,6,0.0,1,0.0,0.0,1.0,0.0,1.0,2,0
1.5292040110968945,2,2.0,2,5,300.0,31,4.730000019073486,4.0,4.599999904632568,4.800000190734863,4.53000020980835,15,0.0,1,0.0,0.0,0.0,0.0,1.0,7,4
1.4497629329447463,2,2.0,3,6,250.0,44,4.909999847412109,4.0,4.909999847412109,4.71999979019165,4.96999979019165,32,0.0,1,1.0,0.0,0.0,0.0,1.0,5,6
1.8044445504314843,3,2.0,6,8,300.0,40,5.0,5.0,4.96999979019165,5.0,5.0,31,0.0,1,1.0,0.0,1.0,0.0,1.0,6,2
0.507607000733868,2,2.0,3,5,250.0,20,4.900000095367432,4.0,4.800000190734863,4.099999904632568,4.5,10,1.0,1,1.0,0.0,0.0,0.0,1.0,5,11
0.03449803432836727,1,1.0,2,4,195.0,0,4.860000133514404,4.0,5.0,5.0,5.0,7,1.0,1,0.0,1.0,1.0,0.0,1.0,6,1
1.8606058694721928,3,2.0,4,7,420.0,22,4.960000038146973,4.0,4.789999961853027,5.0,4.75,24,0.0,1,0.0,0.0,0.0,0.0,1.0,8,4
0.24401081990919846,2,2.0,2,5,230.0,44,4.690000057220459,4.0,4.96999979019165,5.0,4.519999980926514,32,0.0,1,1.0,0.0,0.0,0.0,1.0,8,2
1.1654316561702225,3,3.0,3,8,300.0,16,5.0,5.0,5.0,4.860000133514404,4.860000133514404,7,0.0,1,0.0,0.0,1.0,0.0,1.0,2,0
1.901018966102892,4,3.0,6,10,420.0,32,4.820000171661377,4.0,4.800000190734863,4.980000019073486,4.869999885559082,45,0.0,1,1.0,1.0,1.0,0.0,1.0,7,10
0.3467817611110485,2,2.0,3,4,180.0,16,5.0,5.0,5.0,4.730000019073486,5.0,11,1.0,1,0.0,0.0,1.0,0.0,1.0,2,10
1.7438701674206922,2,2.0,4,6,200.0,33,4.849999904632568,4.0,4.949999809265137,4.909999847412109,4.889999866485596,55,1.0,1,1.0,0.0,1.0,0.0,1.0,2,10
0.02065612843522677,2,2.0,5,7,240.0,0,4.670000076293945,4.0,5.0,5.0,4.670000076293945,3,1.0,1,0.0,1.0,0.0,0.0,1.0,6,1
0.06610110751650698,4,2.0,6,10,280.0,33,4.940000057220459,4.0,4.820000171661377,5.0,5.0,17,1.0,1,0.0,0.0,1.0,0.0,1.0,4,3
0.8968673404639941,4,4.0,5,9,300.0,27,4.949999809265137,4.0,4.619999885559082,4.949999809265137,4.860000133514404,21,0.0,1,0.0,0.0,0.0,0.0,1.0,7,10
1.8300410790220791,3,2.0,3,7,200.0,24,4.960000038146973,4.0,4.860000133514404,5.0,4.929999828338623,28,0.0,1,0.0,0.0,1.0,0.0,1.0,6,2
1.8708983007588498,4,3.0,4,8,300.0,29,4.900000095367432,4.0,5.0,5.0,4.900000095367432,10,1.0,1,0.0,0.0,1.0,0.0,1.0,1,11
0.4856457711579396,2,2.0,5,6,200.0,24,5.0,5.0,5.0,4.639999866485596,5.0,11,1.0,1,1.0,0.0,1.0,0.0,1.0,1,0
2.108264387026206,2,2.0,2,5,250.0,19,4.909999847412109,4.0,4.809999942779541,4.960000038146973,4.849999904632568,75,0.0,1,1.0,0.0,1.0,0.0,1.0,5,10
0.4754449128898868,2,2.0,5,5,250.0,25,5.0,5.0,5.0,4.78000020980835,4.889999866485596,27,0.0,1,1.0,0.0,1.0,0.0,1.0,0,11
0.6496185472924318,2,2.0,2,4,190.0,9,4.78000020980835,4.0,4.800000190734863,4.869999885559082,4.829999923706055,46,1.0,1,0.0,0.0,0.0,0.0,1.0,5,1
2.0330195292070665,3,3.0,3,8,350.0,25,4.940000057220459,4.0,5.0,4.940000057220459,4.889999866485596,18,1.0,1,0.0,0.0,1.0,0.0,1.0,3,0
0.04154056100103579,1,1.0,2,4,0.0,0,5.0,5.0,5.0,5.0,5.0,1,0.0,1,0.0,0.0,0.0,0.0,1.0,0,5
1.119050952275661,3,3.0,4,8,300.0,19,5.0,5.0,5.0,5.0,5.0,15,0.0,1,1.0,0.0,1.0,0.0,1.0,5,11
0.8750186704572099,2,2.0,4,6,80.0,19,4.929999828338623,4.0,4.789999961853027,4.989999771118164,4.889999866485596,145,0.0,1,1.0,0.0,1.0,0.0,1.0,3,7
0.47427266860151995,2,1.0,3,4,200.0,15,4.940000057220459,4.0,5.0,4.610000133514404,5.0,18,0.0,1,0.0,0.0,1.0,0.0,1.0,5,2
2.669679824022416,2,2.0,4,6,180.0,34,4.949999809265137,4.0,5.0,4.96999979019165,4.920000076293945,39,0.0,1,1.0,0.0,1.0,0.0,1.0,4,2
0.4338600083658294,2,2.0,3,6,250.0,28,4.949999809265137,4.0,5.0,5.0,4.900000095367432,20,1.0,1,1.0,0.0,1.0,0.0,1.0,1,5
0.026111769462679745,1,1.0,2,4,190.0,0,4.920000076293945,4.0,5.0,5.0,4.920000076293945,12,1.0,0,0.0,1.0,1.0,0.0,1.0,6,1
2.808975007352018,3,3.0,4,6,190.0,26,4.940000057220459,4.0,4.96999979019165,4.909999847412109,4.909999847412109,32,1.0,1,1.0,0.0,1.0,0.0,1.0,8,2
1.5744625633771427,3,3.0,6,8,370.0,39,5.0,5.0,4.929999828338623,5.0,5.0,15,0.0,1,0.0,0.0,1.0,0.0,1.0,1,10
2.2034374889901143,1,1.0,1,2,50.0,19,4.980000019073486,4.0,4.989999771118164,4.929999828338623,4.869999885559082,92,1.0,1,1.0,0.0,1.0,0.0,0.0,6,0
0.2470108171629568,4,2.0,8,10,300.0,15,4.800000190734863,4.0,4.900000095367432,4.699999809265137,4.800000190734863,10,0.0,1,0.0,0.0,0.0,0.0,0.0,5,1
1.0556177952225285,2,2.0,2,5,200.0,21,4.860000133514404,4.0,4.940000057220459,5.0,4.909999847412109,35,0.0,1,1.0,0.0,1.0,0.0,1.0,2,10
0.14880500387801274,2,1.0,4,6,250.0,29,4.829999923706055,4.0,5.0,5.0,5.0,6,0.0,1,0.0,0.0,0.0,0.0,1.0,4,2
2.173605514155149,3,3.0,3,8,350.0,16,5.0,5.0,4.920000076293945,5.0,5.0,13,0.0,1,0.0,0.0,1.0,0.0,1.0,5,3
0.4937424709916918,2,1.0,2,4,245.0,30,5.0,5.0,4.860000133514404,4.860000133514404,4.860000133514404,7,0.0,1,0.0,0.0,0.0,0.0,1.0,8,0
0.18086349148699654,3,2.0,4,6,300.0,23,5.0,5.0,4.599999904632568,5.0,4.800000190734863,5,0.0,1,0.0,0.0,0.0,0.0,1.0,3,1
1.297671170085761,2,1.0,3,6,0.0,17,4.820000171661377,4.0,4.820000171661377,4.949999809265137,4.909999847412109,22,0.0,1,1.0,0.0,1.0,0.0,1.0,2,4
0.5605423659500176,3,3.0,4,8,350.0,0,4.940000057220459,4.0,4.909999847412109,4.960000038146973,4.869999885559082,0,0.0,1,0.0,0.0,0.0,0.0,1.0,1,1
0.0806448782522573,2,2.0,3,6,230.0,24,5.0,5.0,4.960000038146973,4.960000038146973,5.0,23,1.0,1,0.0,0.0,1.0,0.0,1.0,2,0
1.353316201260703,3,3.0,4,7,200.0,1,4.889999866485596,4.0,4.940000057220459,4.949999809265137,4.889999866485596,65,0.0,1,1.0,1.0,1.0,0.0,1.0,3,5
0.07191383513024123,3,3.0,5,7,410.0,41,4.880000114440918,4.0,4.880000114440918,5.0,4.840000152587891,25,0.0,1,1.0,0.0,0.0,0.0,1.0,7,3
0.3442226202372776,2,2.0,4,6,610.0,11,4.900000095367432,4.0,4.900000095367432,5.0,4.900000095367432,10,1.0,1,0.0,0.0,1.0,0.0,1.0,4,0
1.0553992205434728,3,2.0,4,6,250.0,18,4.929999828338623,4.0,4.909999847412109,4.820000171661377,4.690000057220459,55,1.0,1,0.0,0.0,1.0,0.0,1.0,9,0
1.4793357210415374,3,2.0,5,8,250.0,19,4.849999904632568,4.0,4.829999923706055,4.980000019073486,4.849999904632568,41,0.0,1,0.0,0.0,1.0,0.0,1.0,5,6
0.34649957723946084,1,1.0,1,2,70.0,10,4.929999828338623,4.0,5.0,5.0,4.929999828338623,14,0.0,1,0.0,0.0,1.0,0.0,0.0,1,10
1.3227566123116221,1,1.0,1,2,80.0,22,4.900000095367432,4.0,4.989999771118164,4.690000057220459,4.920000076293945,84,1.0,1,1.0,1.0,1.0,0.0,0.0,8,1
0.02280972313622908,3,2.0,3,9,250.0,23,5.0,5.0,4.96999979019165,5.0,5.0,36,0.0,1,1.0,0.0,1.0,0.0,1.0,2,3
2.6102312008338964,3,2.0,8,12,290.0,10,5.0,5.0,4.829999923706055,5.0,4.829999923706055,6,1.0,1,0.0,0.0,0.0,0.0,1.0,3,1
0.01711962779046565,2,1.0,3,4,200.0,58,4.909999847412109,4.0,4.739999771118164,4.860000133514404,4.909999847412109,35,0.0,1,0.0,0.0,1.0,0.0,1.0,6,1
1.1274463792469789,3,3.0,4,8,150.0,12,4.909999847412109,4.0,4.869999885559082,5.0,5.0,23,0.0,1,1.0,0.0,1.0,0.0,1.0,2,1
1.1273298459006682,3,2.0,3,10,270.0,33,5.0,5.0,5.0,5.0,5.0,11,0.0,1,1.0,0.0,1.0,0.0,1.0,4,11
0.913555687746343,3,2.0,4,7,200.0,17,4.909999847412109,4.0,4.889999866485596,4.940000057220459,4.860000133514404,35,0.0,1,1.0,0.0,1.0,0.0,1.0,5,0
0.25371555038984117,3,2.0,4,6,400.0,41,4.880000114440918,4.0,4.710000038146973,5.0,4.789999961853027,24,1.0,1,0.0,0.0,0.0,0.0,1.0,8,10
0.0834314819617929,2,2.0,3,5,170.0,6,5.0,5.0,4.329999923706055,5.0,5.0,3,0.0,1,0.0,0.0,0.0,0.0,1.0,2,1
1.577726202721957,3,3.0,3,6,200.0,0,5.0,5.0,5.0,4.920000076293945,5.0,12,0.0,1,1.0,1.0,1.0,0.0,1.0,3,5
0.026111769462679745,1,1.0,1,2,190.0,0,4.940000057220459,4.0,4.909999847412109,4.960000038146973,4.869999885559082,0,1.0,0,0.0,1.0,0.0,0.0,1.0,6,1
3.066202313343779,3,2.0,5,8,250.0,50,4.820000171661377,4.0,4.710000038146973,4.710000038146973,4.789999961853027,34,0.0,1,0.0,0.0,0.0,0.0,1.0,5,1
1.1165411585530614,2,1.0,3,6,200.0,18,5.0,5.0,5.0,5.0,5.0,5,1.0,1,0.0,0.0,1.0,0.0,1.0,1,0
1.0679651846867544,3,2.0,5,8,200.0,41,4.809999942779541,4.0,4.670000076293945,4.949999809265137,4.880000114440918,42,0.0,1,0.0,0.0,1.0,0.0,1.0,7,1
0.1060346432739747,3,3.0,3,8,500.0,1,4.840000152587891,4.0,4.409999847412109,5.0,4.809999942779541,32,1.0,1,0.0,0.0,0.0,0.0,1.0,4,11
1.1232463196339728,4,3.0,5,9,450.0,40,4.960000038146973,4.0,4.940000057220459,4.980000019073486,4.78000020980835,50,1.0,1,1.0,0.0,1.0,0.0,1.0,9,2
2.1714030815822047,3,3.0,4,6,295.0,30,4.789999961853027,4.0,4.550000190734863,4.929999828338623,4.789999961853027,29,0.0,1,0.0,0.0,0.0,0.0,1.0,8,9
0.2034364746933684,3,2.0,3,6,250.0,15,4.940000057220459,4.0,4.96999979019165,4.940000057220459,4.96999979019165,31,1.0,1,1.0,0.0,1.0,0.0,1.0,3,0
1.9980452233104045,2,2.0,4,6,200.0,16,4.739999771118164,4.0,4.610000133514404,5.0,4.829999923706055,23,0.0,1,0.0,1.0,0.0,0.0,1.0,6,2
0.04154056100103579,1,1.0,1,2,190.0,0,5.0,5.0,5.0,5.0,4.0,1,1.0,1,0.0,1.0,0.0,0.0,1.0,6,1
0.31302253355527915,2,2.0,2,5,290.0,17,4.860000133514404,4.0,5.0,5.0,4.860000133514404,7,0.0,1,0.0,0.0,1.0,0.0,1.0,1,1
0.44801705444573625,5,5.0,5,16,550.0,42,4.940000057220459,4.0,4.809999942779541,4.940000057220459,4.880000114440918,16,0.0,1,0.0,1.0,1.0,0.0,1.0,8,0
1.3396886768321623,4,3.0,7,11,350.0,61,4.880000114440918,4.0,4.75,5.0,4.699999809265137,56,0.0,1,1.0,1.0,0.0,0.0,1.0,8,0
0.2700703897596976,4,2.0,5,8,250.0,24,4.800000190734863,4.0,4.849999904632568,4.949999809265137,4.800000190734863,20,0.0,1,0.0,0.0,0.0,0.0,1.0,4,4
1.8241590060352495,3,3.0,5,11,350.0,32,5.0,5.0,5.0,5.0,5.0,15,0.0,1,0.0,1.0,1.0,0.0,1.0,8,0
1.6096053362188876,2,2.0,2,5,300.0,31,4.849999904632568,4.0,4.789999961853027,4.96999979019165,4.820000171661377,33,0.0,1,1.0,0.0,0.0,0.0,1.0,4,7
0.352799775380991,3,3.0,3,7,260.0,35,5.0,5.0,5.0,4.949999809265137,4.980000019073486,40,0.0,1,1.0,0.0,1.0,0.0,1.0,3,4
0.8070393549673376,3,2.0,3,6,250.0,28,4.699999809265137,4.0,4.699999809265137,5.0,4.800000190734863,20,0.0,1,0.0,0.0,0.0,0.0,1.0,9,2
0.45560325350273545,3,0.0,3,8,456.0,35,5.0,5.0,4.75,5.0,5.0,4,1.0,1,0.0,1.0,0.0,0.0,1.0,6,1
0.8127873700046623,6,3.0,12,16,600.0,37,5.0,5.0,5.0,5.0,5.0,1,0.0,1,0.0,0.0,0.0,0.0,0.0,4,1
0.9850105414035425,2,2.0,4,6,250.0,19,4.909999847412109,4.0,4.909999847412109,4.96999979019165,4.860000133514404,58,0.0,1,1.0,0.0,0.0,0.0,1.0,4,0
0.5392458788278784,2,1.0,3,5,200.0,30,4.880000114440918,4.0,4.889999866485596,4.809999942779541,4.920000076293945,85,0.0,1,1.0,1.0,1.0,0.0,1.0,8,0
0.026305521953268456,1,1.0,2,4,190.0,0,5.0,5.0,5.0,5.0,5.0,3,1.0,1,0.0,1.0,0.0,0.0,1.0,6,1
0.04787179432808952,1,1.0,1,2,150.0,0,5.0,5.0,5.0,4.5,5.0,2,1.0,1,0.0,1.0,0.0,0.0,1.0,6,1
0.1819157298417466,3,2.0,3,6,200.0,8,4.949999809265137,4.0,4.949999809265137,4.820000171661377,4.679999828338623,38,0.0,1,1.0,0.0,1.0,0.0,1.0,4,2
1.0509973261207306,3,2.0,3,6,300.0,9,4.820000171661377,4.0,4.769999980926514,5.0,4.860000133514404,22,0.0,1,0.0,0.0,0.0,0.0,1.0,7,10
0.23277259781694593,1,1.0,1,2,100.0,14,5.0,5.0,5.0,5.0,4.920000076293945,26,0.0,1,0.0,0.0,1.0,0.0,0.0,3,5
0.39704385799908193,1,1.0,1,4,306.0,40,4.380000114440918,4.0,4.039999961853027,4.920000076293945,4.420000076293945,26,1.0,1,0.0,0.0,0.0,0.0,1.0,8,11
1.3763560857720478,3,2.0,3,6,350.0,23,4.949999809265137,4.0,4.960000038146973,4.869999885559082,4.949999809265137,84,1.0,1,1.0,0.0,1.0,0.0,1.0,5,2
1.2761010476290486,3,2.0,3,7,300.0,18,5.0,5.0,4.909999847412109,5.0,4.900000095367432,11,0.0,1,1.0,0.0,1.0,0.0,1.0,2,5
0.026111769462679745,1,1.0,2,4,180.0,0,4.920000076293945,4.0,5.0,4.920000076293945,5.0,12,1.0,1,0.0,1.0,1.0,0.0,1.0,6,1
2.7651237699673046,1,1.0,2,4,100.0,13,5.0,5.0,4.909999847412109,4.820000171661377,4.820000171661377,33,1.0,1,1.0,0.0,1.0,0.0,1.0,7,0
0.19786664527458722,3,2.0,3,6,250.0,19,4.670000076293945,4.0,4.570000171661377,4.869999885559082,4.699999809265137,30,0.0,1,1.0,0.0,0.0,0.0,1.0,2,0
0.7757272640192051,2,2.0,3,8,280.0,19,5.0,5.0,5.0,5.0,5.0,11,0.0,1,1.0,0.0,1.0,0.0,1.0,0,8
2.019316964140312,4,3.0,8,10,300.0,30,4.96999979019165,4.0,4.940000057220459,4.869999885559082,4.869999885559082,31,0.0,1,1.0,0.0,1.0,0.0,1.0,7,3
2.5499703326460503,2,0.0,3,6,300.0,56,4.900000095367432,4.0,4.769999980926514,4.949999809265137,4.789999961853027,39,0.0,1,1.0,0.0,1.0,0.0,1.0,6,1
0.6965908921377437,2,2.0,4,5,100.0,25,4.900000095367432,4.0,4.800000190734863,4.900000095367432,4.849999904632568,20,1.0,1,1.0,0.0,1.0,0.0,1.0,2,0
0.026111769462679745,2,2.0,3,6,240.0,0,4.820000171661377,4.0,4.940000057220459,4.940000057220459,4.820000171661377,17,1.0,1,0.0,1.0,1.0,0.0,1.0,6,1
0.33361362690787133,1,1.0,2,4,200.0,18,5.0,5.0,5.0,5.0,5.0,5,1.0,1,0.0,0.0,1.0,0.0,1.0,1,0
0.03444760381398868,2,1.0,2,5,220.0,0,4.940000057220459,4.0,4.909999847412109,4.960000038146973,4.869999885559082,0,1.0,1,0.0,1.0,0.0,1.0,1.0,6,1
2.2070870758907475,1,1.0,2,3,100.0,12,4.849999904632568,4.0,4.920000076293945,4.380000114440918,4.619999885559082,13,0.0,1,0.0,0.0,0.0,0.0,0.0,5,3
0.23632276586460388,1,1.0,2,3,120.0,17,4.579999923706055,4.0,4.670000076293945,4.920000076293945,4.829999923706055,12,1.0,1,1.0,0.0,0.0,0.0,1.0,8,3
0.8814174377097284,3,3.0,4,8,320.0,14,4.940000057220459,4.0,5.0,5.0,4.940000057220459,17,0.0,1,1.0,0.0,1.0,0.0,1.0,2,6
0.4556032520859847,3,3.0,4,8,0.0,22,5.0,5.0,5.0,5.0,5.0,10,0.0,1,1.0,0.0,1.0,0.0,1.0,0,11
0.07185022660902704,3,2.0,6,8,310.0,105,5.0,5.0,4.920000076293945,4.96999979019165,4.949999809265137,39,0.0,1,1.0,0.0,1.0,0.0,1.0,3,3
0.5739881388892626,3,2.0,4,7,200.0,32,4.78000020980835,4.0,4.75,4.96999979019165,4.75,32,0.0,1,1.0,0.0,0.0,0.0,1.0,5,1
0.07461104268109812,1,1.0,1,5,250.0,86,4.579999923706055,4.0,4.320000171661377,5.0,4.53000020980835,19,1.0,1,0.0,0.0,0.0,0.0,1.0,5,2
0.027262475395704224,2,2.0,2,5,250.0,41,5.0,5.0,5.0,4.929999828338623,4.800000190734863,15,0.0,1,1.0,0.0,1.0,0.0,1.0,3,8
1.49150086160102,3,2.0,5,7,199.0,52,5.0,5.0,4.789999961853027,4.889999866485596,4.889999866485596,19,0.0,1,1.0,1.0,1.0,0.0,1.0,8,1
0.06831673533666273,3,2.0,5,7,300.0,28,5.0,5.0,5.0,5.0,5.0,12,0.0,1,1.0,0.0,1.0,0.0,1.0,1,2
1.7647529583645283,2,1.0,3,4,205.0,15,5.0,5.0,4.900000095367432,4.599999904632568,5.0,20,0.0,1,1.0,1.0,1.0,0.0,1.0,1,3
0.4544755604745584,2,1.0,2,6,80.0,29,5.0,5.0,5.0,5.0,5.0,5,0.0,1,0.0,0.0,1.0,0.0,1.0,1,0
2.061681151035306,0,1.0,3,5,50.0,8,4.619999885559082,4.0,4.599999904632568,4.550000190734863,4.599999904632568,21,0.0,1,0.0,0.0,0.0,0.0,1.0,9,7
0.828397802521632,3,3.0,3,6,300.0,19,5.0,5.0,5.0,5.0,5.0,10,0.0,1,0.0,0.0,1.0,0.0,1.0,2,1
0.271802199191827,2,2.0,4,6,220.0,30,5.0,5.0,5.0,5.0,4.75,16,1.0,1,0.0,0.0,1.0,0.0,1.0,6,2
0.8653424242692848,2,2.0,4,6,250.0,12,4.980000019073486,4.0,4.929999828338623,4.980000019073486,4.909999847412109,58,0.0,1,1.0,0.0,1.0,0.0,1.0,4,2
0.1999075691224501,4,3.0,6,8,350.0,53,4.929999828338623,4.0,4.739999771118164,4.889999866485596,4.710000038146973,82,0.0,1,1.0,0.0,1.0,0.0,1.0,8,2
0.1102537424953254,4,3.0,4,8,275.0,32,4.840000152587891,4.0,4.760000228881836,4.960000038146973,4.820000171661377,50,0.0,1,1.0,0.0,1.0,0.0,1.0,5,2
1.3916734502031536,3,3.0,3,6,250.0,35,4.929999828338623,4.0,5.0,4.800000190734863,4.929999828338623,15,0.0,1,1.0,1.0,1.0,0.0,1.0,8,0
0.8931310800077699,3,2.0,3,8,189.0,15,4.920000076293945,4.0,4.840000152587891,5.0,4.78000020980835,59,0.0,1,1.0,0.0,1.0,0.0,1.0,8,0
0.3074588731149955,1,1.0,1,4,150.0,18,4.829999923706055,4.0,4.5,4.920000076293945,4.670000076293945,12,0.0,1,0.0,0.0,0.0,0.0,1.0,7,4
1.069709346535541,3,2.0,3,6,240.0,42,4.880000114440918,4.0,4.809999942779541,4.929999828338623,4.760000228881836,42,0.0,1,1.0,0.0,1.0,0.0,1.0,11,1
1.3029262173315401,3,2.0,4,6,0.0,29,5.0,5.0,4.840000152587891,4.949999809265137,4.739999771118164,19,0.0,1,0.0,0.0,0.0,0.0,1.0,6,9
2.6713788116543413,2,1.0,5,6,130.0,12,4.909999847412109,4.0,5.0,5.0,4.909999847412109,11,0.0,1,0.0,0.0,1.0,0.0,1.0,4,0
0.724245150501202,2,2.0,2,6,200.0,36,4.960000038146973,4.0,4.980000019073486,4.960000038146973,4.75,49,1.0,1,1.0,0.0,1.0,0.0,1.0,7,1
1.5819954590313552,3,2.0,3,8,370.0,15,4.860000133514404,4.0,4.949999809265137,5.0,4.730000019073486,22,0.0,1,0.0,0.0,0.0,0.0,1.0,6,6
0.026111769462679745,1,1.0,1,3,190.0,0,4.21999979019165,4.0,4.329999923706055,4.440000057220459,4.110000133514404,9,1.0,0,0.0,1.0,0.0,0.0,1.0,6,1
1.9602535548371771,2,2.0,2,6,270.0,16,4.880000114440918,4.0,4.829999923706055,4.980000019073486,4.829999923706055,42,1.0,1,0.0,0.0,1.0,0.0,1.0,6,9
1.3431284690230052,2,2.0,5,6,350.0,25,4.920000076293945,4.0,4.880000114440918,4.960000038146973,4.849999904632568,26,0.0,1,1.0,0.0,1.0,0.0,1.0,2,11
0.017400775491381422,3,2.0,7,12,250.0,24,4.929999828338623,4.0,4.949999809265137,4.980000019073486,4.949999809265137,44,0.0,1,1.0,1.0,1.0,0.0,1.0,3,4
1.5805410846683914,2,2.0,5,6,170.0,20,4.769999980926514,4.0,4.78000020980835,4.949999809265137,4.800000190734863,60,1.0,1,1.0,0.0,1.0,0.0,1.0,4,11
1.4684355730718883,3,2.0,6,8,250.0,10,4.940000057220459,4.0,4.760000228881836,5.0,4.650000095367432,17,1.0,1,0.0,0.0,0.0,0.0,1.0,3,11
2.552919375935216,4,4.0,8,15,500.0,84,4.929999828338623,4.0,4.889999866485596,4.75,4.789999961853027,28,0.0,1,1.0,0.0,1.0,0.0,0.0,5,11
0.6609875462307724,2,2.0,5,6,200.0,20,4.960000038146973,4.0,5.0,5.0,4.929999828338623,28,1.0,1,1.0,0.0,1.0,0.0,1.0,5,1
0.20196243944290432,2,2.0,2,6,99.0,30,5.0,5.0,4.980000019073486,4.909999847412109,4.909999847412109,44,0.0,1,1.0,0.0,1.0,0.0,1.0,1,8
0.5368032971771902,3,3.0,5,10,300.0,26,4.090000152587891,4.0,3.5899999141693115,4.820000171661377,4.179999828338623,22,0.0,0,1.0,0.0,0.0,0.0,1.0,8,2
0.18447548572248268,2,2.0,3,5,250.0,18,4.980000019073486,4.0,4.849999904632568,5.0,4.900000095367432,48,1.0,1,1.0,0.0,1.0,0.0,1.0,8,4
2.792911631392201,3,2.0,4,7,270.0,33,5.0,5.0,5.0,5.0,5.0,2,1.0,1,1.0,1.0,0.0,0.0,1.0,0,7
0.6591582557666127,3,2.0,4,8,350.0,17,4.929999828338623,4.0,4.929999828338623,5.0,4.929999828338623,14,1.0,1,0.0,1.0,1.0,0.0,1.0,7,2
0.206430979332105,4,4.0,6,8,350.0,62,4.659999847412109,4.0,4.619999885559082,4.690000057220459,4.590000152587891,29,0.0,1,0.0,0.0,0.0,0.0,1.0,7,11
0.3643975946062761,3,2.0,3,6,420.0,25,5.0,5.0,4.869999885559082,5.0,5.0,15,1.0,1,1.0,0.0,1.0,0.0,1.0,2,11
1.9646088001892141,2,1.0,4,5,300.0,9,4.929999828338623,4.0,4.929999828338623,5.0,4.869999885559082,15,0.0,1,1.0,0.0,1.0,0.0,1.0,2,4
0.22693962251163394,2,2.0,2,6,250.0,9,5.0,5.0,5.0,5.0,4.929999828338623,14,0.0,1,1.0,0.0,1.0,0.0,1.0,3,0
1.5129833220151194,3,2.0,4,8,180.0,19,5.0,5.0,4.929999828338623,5.0,4.980000019073486,41,0.0,1,1.0,0.0,1.0,0.0,1.0,5,11
1.7838494775328728,3,4.0,5,8,350.0,30,4.800000190734863,4.0,4.949999809265137,4.949999809265137,4.800000190734863,20,0.0,1,1.0,1.0,1.0,0.0,1.0,11,1
0.2699794561364275,2,2.0,2,6,250.0,27,4.820000171661377,4.0,4.619999885559082,4.909999847412109,4.849999904632568,34,1.0,1,0.0,0.0,0.0,0.0,1.0,7,0
0.10613618532217999,3,4.0,3,6,0.0,30,5.0,5.0,4.829999923706055,5.0,4.829999923706055,6,0.0,1,0.0,0.0,1.0,0.0,1.0,2,0
0.10134992382034162,3,3.0,4,7,250.0,35,4.670000076293945,4.0,4.670000076293945,4.960000038146973,4.78000020980835,27,0.0,1,1.0,0.0,0.0,0.0,1.0,6,0
1.344745759103322,5,4.0,8,10,350.0,26,4.96999979019165,4.0,4.96999979019165,5.0,4.760000228881836,38,1.0,1,0.0,0.0,1.0,0.0,1.0,7,3
0.5863065082105176,3,2.0,3,7,179.0,18,4.880000114440918,4.0,4.909999847412109,4.980000019073486,4.920000076293945,65,1.0,1,1.0,0.0,1.0,0.0,1.0,5,4
0.026111769462679745,1,1.0,2,4,190.0,0,4.820000171661377,4.0,5.0,5.0,4.820000171661377,11,1.0,0,0.0,1.0,1.0,0.0,1.0,6,1
1.5967001208693152,1,1.0,4,5,198.0,41,4.869999885559082,4.0,4.679999828338623,4.96999979019165,4.699999809265137,107,1.0,1,1.0,1.0,0.0,0.0,0.0,9,10
0.8597202812242406,3,2.0,4,7,350.0,27,4.960000038146973,4.0,4.960000038146973,4.650000095367432,4.960000038146973,26,1.0,1,1.0,0.0,1.0,0.0,0.0,3,4
1.298728166881079,3,2.0,5,9,300.0,33,5.0,5.0,4.829999923706055,5.0,5.0,6,0.0,1,0.0,0.0,0.0,0.0,1.0,2,11
0.5753573278020055,2,2.0,3,6,300.0,18,4.929999828338623,4.0,4.929999828338623,4.980000019073486,4.909999847412109,46,0.0,1,1.0,0.0,1.0,0.0,1.0,7,0
1.5732345598989557,3,2.0,3,8,300.0,25,5.0,5.0,4.889999866485596,5.0,5.0,9,0.0,1,0.0,0.0,1.0,0.0,1.0,1,11
0.7815144148830799,3,2.0,5,9,250.0,9,4.849999904632568,4.0,4.909999847412109,4.940000057220459,4.820000171661377,34,0.0,1,1.0,0.0,1.0,0.0,1.0,3,2
0.65776495437745,2,2.0,2,6,200.0,11,5.0,5.0,4.960000038146973,5.0,5.0,24,1.0,1,1.0,0.0,1.0,0.0,1.0,3,1
0.026111769462679745,1,1.0,1,2,150.0,0,4.869999885559082,4.0,5.0,4.909999847412109,4.829999923706055,23,1.0,1,0.0,1.0,1.0,0.0,1.0,6,1
0.338068791288168,1,1.0,2,4,212.0,37,5.0,5.0,5.0,5.0,4.960000038146973,24,0.0,1,1.0,1.0,1.0,0.0,1.0,0,10
0.2288966341779619,4,3.0,4,9,350.0,51,4.940000057220459,4.0,5.0,4.78000020980835,4.829999923706055,18,0.0,1,0.0,0.0,1.0,0.0,1.0,6,1
0.7322032941922207,2,2.0,6,10,250.0,16,4.840000152587891,4.0,4.840000152587891,4.760000228881836,4.820000171661377,55,0.0,1,1.0,0.0,1.0,0.0,1.0,2,3
0.33361362690787133,0,1.0,2,4,200.0,27,5.0,5.0,5.0,4.920000076293945,4.829999923706055,12,0.0,1,1.0,0.0,1.0,0.0,1.0,1,2
0.09404307445257981,3,2.0,3,9,350.0,35,5.0,5.0,4.920000076293945,5.0,5.0,12,0.0,0,0.0,0.0,1.0,0.0,1.0,7,0
1.34883275345823,1,1.0,1,2,100.0,7,4.860000133514404,4.0,5.0,4.789999961853027,4.789999961853027,14,1.0,1,0.0,0.0,1.0,0.0,0.0,1,5
2.700497120323063,3,2.0,6,9,210.0,26,4.940000057220459,4.0,4.960000038146973,4.909999847412109,4.889999866485596,47,0.0,1,1.0,0.0,1.0,0.0,1.0,1,4
0.21527646783175544,3,3.0,4,8,250.0,44,4.769999980926514,4.0,4.730000019073486,4.860000133514404,4.679999828338623,22,0.0,1,0.0,0.0,0.0,0.0,1.0,6,4
1.8060032633215384,2,2.0,2,4,400.0,28,5.0,5.0,4.829999923706055,4.920000076293945,5.0,12,1.0,1,0.0,1.0,1.0,0.0,1.0,6,1
0.05867454777949348,3,3.0,5,8,300.0,16,5.0,5.0,5.0,5.0,5.0,10,1.0,1,0.0,0.0,1.0,0.0,1.0,3,0
0.34795423440145595,1,1.0,2,5,150.0,17,4.96999979019165,4.0,4.869999885559082,5.0,4.920000076293945,38,0.0,1,1.0,0.0,1.0,0.0,1.0,1,7
0.5686260872687018,2,2.0,2,4,260.0,11,4.730000019073486,4.0,4.679999828338623,4.730000019073486,4.679999828338623,22,1.0,1,0.0,0.0,0.0,0.0,1.0,5,1
0.03449803432836727,1,1.0,2,4,190.0,0,4.940000057220459,4.0,4.909999847412109,4.960000038146973,4.869999885559082,0,1.0,1,0.0,1.0,0.0,1.0,1.0,6,1
0.9077943686819054,5,6.0,7,15,435.0,34,4.829999923706055,4.0,4.710000038146973,4.989999771118164,4.800000190734863,144,0.0,1,0.0,0.0,0.0,0.0,1.0,8,6
0.5174031264325005,3,2.0,8,8,350.0,50,4.889999866485596,4.0,4.840000152587891,5.0,4.579999923706055,19,0.0,1,0.0,0.0,1.0,0.0,1.0,7,2
0.82322805064945,3,2.0,3,6,100.0,20,5.0,5.0,4.900000095367432,5.0,5.0,10,0.0,1,0.0,0.0,1.0,0.0,1.0,3,1
0.22535640153123265,3,4.0,4,7,380.0,24,5.0,5.0,4.940000057220459,5.0,4.940000057220459,16,1.0,1,1.0,1.0,1.0,0.0,1.0,8,1
0.9322272445438051,3,2.0,5,7,150.0,40,4.980000019073486,4.0,4.980000019073486,5.0,4.889999866485596,53,1.0,1,1.0,0.0,1.0,0.0,1.0,5,3
1.889795177299656,2,2.0,4,6,250.0,0,5.0,5.0,5.0,5.0,5.0,2,0.0,1,0.0,0.0,0.0,0.0,1.0,0,3
1.9237375012879945,3,3.0,3,7,250.0,53,4.78000020980835,4.0,5.0,4.940000057220459,4.670000076293945,18,0.0,1,0.0,0.0,0.0,0.0,1.0,7,1
0.5687683382235769,2,1.0,3,6,0.0,0,5.0,5.0,5.0,4.849999904632568,5.0,13,1.0,1,1.0,0.0,1.0,0.0,1.0,0,4
0.0509775305899246,1,1.0,1,2,150.0,0,4.940000057220459,4.0,4.909999847412109,4.960000038146973,4.869999885559082,0,1.0,0,0.0,1.0,0.0,0.0,1.0,6,1
0.4032420057376034,2,2.0,3,5,300.0,25,4.869999885559082,4.0,5.0,4.929999828338623,4.869999885559082,15,0.0,1,1.0,0.0,1.0,0.0,1.0,1,0
0.045337536196481704,2,1.0,4,5,220.0,0,5.0,5.0,5.0,4.940000057220459,4.940000057220459,16,1.0,1,0.0,1.0,1.0,0.0,1.0,6,1
2.6793866616206063,3,2.0,5,6,250.0,24,4.710000038146973,4.0,4.760000228881836,4.710000038146973,4.559999942779541,41,1.0,1,0.0,0.0,0.0,0.0,1.0,5,4
0.23240113207712967,3,3.0,3,6,350.0,18,5.0,5.0,5.0,4.909999847412109,4.820000171661377,22,0.0,1,0.0,0.0,1.0,0.0,1.0,5,1
0.31450890692854694,3,1.0,5,6,60.0,10,4.730000019073486,4.0,4.75,4.769999980926514,4.730000019073486,44,1.0,1,1.0,1.0,0.0,0.0,1.0,7,0
0.7002664938041657,2,2.0,3,5,100.0,16,4.880000114440918,4.0,5.0,4.75,4.880000114440918,8,0.0,1,0.0,0.0,0.0,0.0,1.0,1,4
0.0324973587750062,3,2.0,3,8,300.0,25,5.0,5.0,4.940000057220459,4.940000057220459,5.0,16,0.0,1,1.0,0.0,1.0,0.0,1.0,2,0
0.2529331947483515,3,2.0,3,8,250.0,28,5.0,5.0,5.0,5.0,5.0,6,0.0,1,0.0,0.0,1.0,0.0,1.0,3,1
0.5436827467473039,2,2.0,3,5,150.0,0,5.0,5.0,5.0,5.0,5.0,1,0.0,1,0.0,0.0,0.0,0.0,1.0,0,2
0.026111769462679745,2,1.0,3,6,240.0,0,4.670000076293945,4.0,4.670000076293945,4.78000020980835,4.78000020980835,9,1.0,1,0.0,1.0,0.0,0.0,1.0,6,1
1.8160691727416909,2,2.0,2,6,300.0,13,4.849999904632568,4.0,4.75,5.0,4.949999809265137,20,0.0,1,1.0,0.0,0.0,0.0,1.0,5,4
0.22247978299771992,0,1.0,1,4,120.0,10,4.849999904632568,4.0,4.849999904632568,4.849999904632568,4.769999980926514,13,0.0,1,1.0,0.0,0.0,0.0,1.0,5,6
0.5182877597945859,2,0.0,2,5,250.0,0,5.0,5.0,5.0,5.0,5.0,2,0.0,1,0.0,0.0,0.0,0.0,1.0,0,2
1.2926909625484526,2,2.0,4,6,150.0,19,4.860000133514404,4.0,4.710000038146973,4.960000038146973,4.889999866485596,28,0.0,1,1.0,0.0,0.0,0.0,1.0,2,8
2.722613181436425,2,2.0,2,4,400.0,23,4.559999942779541,4.0,4.329999923706055,4.78000020980835,4.329999923706055,9,1.0,1,0.0,1.0,0.0,0.0,1.0,6,1
0.9949523479455987,2,2.0,3,5,180.0,20,4.639999866485596,4.0,4.679999828338623,5.0,4.570000171661377,28,0.0,1,0.0,0.0,0.0,0.0,1.0,6,10
1.7936367349950253,2,1.0,3,5,400.0,28,4.840000152587891,4.0,4.889999866485596,4.630000114440918,4.789999961853027,19,1.0,1,0.0,1.0,1.0,0.0,1.0,6,1
1.545246058957475,0,1.0,5,8,300.0,28,5.0,5.0,5.0,5.0,5.0,10,0.0,1,0.0,0.0,0.0,0.0,1.0,5,0
0.0509775305899246,2,1.0,3,6,240.0,0,4.860000133514404,4.0,4.710000038146973,5.0,5.0,7,1.0,1,0.0,1.0,0.0,0.0,1.0,6,1
1.8060032565979705,3,3.0,3,6,350.0,8,5.0,5.0,5.0,4.860000133514404,4.929999828338623,14,0.0,1,0.0,0.0,1.0,0.0,1.0,1,4
0.1675067051603926,1,1.0,1,2,0.0,63,4.849999904632568,4.0,4.610000133514404,4.869999885559082,4.690000057220459,62,1.0,1,0.0,0.0,0.0,0.0,1.0,7,11
0.48683046291350185,4,2.0,5,13,350.0,25,4.849999904632568,4.0,4.699999809265137,5.0,4.670000076293945,33,0.0,1,0.0,0.0,1.0,0.0,0.0,7,10
0.9739448522942087,3,2.0,5,7,300.0,15,5.0,5.0,5.0,5.0,4.940000057220459,17,0.0,1,1.0,0.0,1.0,0.0,1.0,3,1
2.2405705430919785,3,2.0,4,6,50.0,13,5.0,5.0,4.75,4.880000114440918,5.0,8,1.0,0,0.0,0.0,0.0,0.0,1.0,4,3
0.7443080758856903,2,2.0,3,7,350.0,20,4.900000095367432,4.0,4.900000095367432,5.0,4.900000095367432,10,0.0,1,0.0,1.0,1.0,0.0,1.0,8,0
1.5451753378995454,2,2.0,3,5,220.0,29,5.0,5.0,4.869999885559082,5.0,5.0,15,0.0,1,1.0,0.0,1.0,0.0,1.0,7,0
0.05257824109191507,1,1.0,1,2,250.0,35,4.909999847412109,4.0,5.0,4.949999809265137,4.820000171661377,22,0.0,1,1.0,0.0,1.0,0.0,1.0,0,11
0.34649957723946084,1,1.0,3,4,135.0,13,4.880000114440918,4.0,4.880000114440918,5.0,4.829999923706055,24,0.0,0,1.0,0.0,1.0,0.0,1.0,6,6
0.0509775305899246,1,1.0,2,3,160.0,0,5.0,5.0,5.0,4.900000095367432,5.0,10,1.0,0,0.0,1.0,1.0,0.0,1.0,6,1
0.013295407035647338,1,1.0,2,3,80.0,8,4.949999809265137,4.0,4.980000019073486,4.929999828338623,4.929999828338623,40,0.0,1,1.0,0.0,1.0,0.0,1.0,7,2
1.2895960393094255,3,2.0,5,9,300.0,32,4.929999828338623,4.0,4.849999904632568,4.960000038146973,4.909999847412109,68,1.0,1,1.0,0.0,1.0,0.0,1.0,4,0
0.0509775305899246,1,1.0,2,4,190.0,0,4.829999923706055,4.0,4.829999923706055,4.670000076293945,4.829999923706055,6,1.0,1,0.0,1.0,0.0,0.0,1.0,6,1
0.21185851712017756,2,2.0,3,5,250.0,29,4.960000038146973,4.0,4.980000019073486,5.0,4.920000076293945,84,1.0,1,1.0,0.0,1.0,0.0,1.0,6,0
0.20374766017027374,3,3.0,4,8,300.0,72,4.849999904632568,4.0,4.789999961853027,4.909999847412109,4.789999961853027,34,1.0,1,1.0,0.0,1.0,0.0,1.0,5,1
1.1420398868298989,2,2.0,4,5,0.0,8,4.929999828338623,4.0,4.929999828338623,4.860000133514404,4.860000133514404,14,0.0,1,0.0,0.0,1.0,0.0,1.0,2,2
0.8949820311998897,1,1.0,1,1,0.0,7,5.0,5.0,5.0,5.0,4.929999828338623,14,0.0,0,0.0,0.0,1.0,0.0,0.0,1,5
1.513194601543691,2,2.0,5,6,250.0,27,4.880000114440918,4.0,4.940000057220459,5.0,4.880000114440918,17,1.0,1,0.0,0.0,1.0,0.0,1.0,4,3
0.22530252428697461,3,3.0,4,7,350.0,26,4.820000171661377,4.0,4.860000133514404,4.909999847412109,4.730000019073486,22,1.0,1,1.0,1.0,0.0,0.0,1.0,8,1
1.215227544409327,2,2.0,3,6,200.0,19,5.0,5.0,4.900000095367432,5.0,4.800000190734863,10,0.0,1,0.0,0.0,0.0,0.0,1.0,9,5
0.37083717172609154,2,2.0,3,6,300.0,39,5.0,5.0,4.96999979019165,4.889999866485596,5.0,37,0.0,1,1.0,0.0,1.0,0.0,1.0,1,4
0.9856665633571363,1,1.0,4,5,75.0,32,4.96999979019165,4.0,4.940000057220459,4.769999980926514,4.920000076293945,65,1.0,1,1.0,0.0,1.0,0.0,1.0,4,0
4.48243686477055,1,1.0,1,2,0.0,49,5.0,5.0,5.0,5.0,5.0,21,1.0,1,1.0,1.0,1.0,0.0,0.0,5,1
1.6646317330893532,3,2.0,3,7,350.0,20,5.0,5.0,4.789999961853027,4.949999809265137,4.789999961853027,19,1.0,1,0.0,0.0,1.0,0.0,1.0,5,4
1.651281713390154,3,2.0,3,6,200.0,9,4.619999885559082,4.0,4.920000076293945,4.690000057220459,4.690000057220459,13,0.0,1,0.0,0.0,0.0,0.0,1.0,6,4
1.8502256870991487,2,2.0,2,4,250.0,29,4.849999904632568,4.0,4.849999904632568,4.960000038146973,4.769999980926514,26,0.0,1,1.0,0.0,1.0,0.0,1.0,2,10
1.405672711719321,4,4.0,4,8,200.0,48,4.849999904632568,4.0,4.920000076293945,5.0,4.920000076293945,13,1.0,1,1.0,1.0,1.0,0.0,1.0,3,5
2.485932048983513,3,2.0,5,7,250.0,25,4.96999979019165,4.0,4.940000057220459,4.840000152587891,4.869999885559082,31,0.0,1,0.0,0.0,1.0,0.0,1.0,8,1
0.14366494793958504,3,3.0,3,6,400.0,19,4.769999980926514,4.0,4.380000114440918,5.0,4.769999980926514,13,0.0,1,1.0,0.0,1.0,0.0,1.0,7,1
0.03449803432836727,1,1.0,2,4,190.0,0,4.940000057220459,4.0,4.909999847412109,4.960000038146973,4.869999885559082,0,1.0,1,0.0,1.0,0.0,0.0,1.0,6,1
0.9661034363185519,3,2.0,3,8,150.0,35,4.949999809265137,4.0,4.820000171661377,5.0,4.909999847412109,44,0.0,1,0.0,0.0,1.0,0.0,1.0,7,0
0.9365465037519211,3,2.0,3,8,320.0,23,4.940000057220459,4.0,4.840000152587891,4.96999979019165,4.630000114440918,32,0.0,1,0.0,0.0,0.0,0.0,1.0,8,2
0.20295469388648474,2,2.0,4,6,200.0,16,5.0,5.0,4.880000114440918,5.0,4.880000114440918,8,0.0,1,0.0,0.0,1.0,0.0,1.0,2,5
0.7209299661051568,1,1.0,1,2,100.0,5,4.940000057220459,4.0,5.0,4.940000057220459,4.96999979019165,34,0.0,1,1.0,1.0,1.0,0.0,0.0,1,2
2.6316008780224998,4,3.0,4,10,250.0,24,4.690000057220459,4.0,4.079999923706055,4.920000076293945,4.380000114440918,13,0.0,1,0.0,0.0,0.0,0.0,1.0,6,11
3.0803831647286124,2,3.0,4,5,200.0,32,4.96999979019165,4.0,5.0,4.610000133514404,4.78000020980835,67,0.0,1,1.0,0.0,1.0,0.0,1.0,4,7
0.21288888493556202,1,1.0,2,4,300.0,31,5.0,5.0,5.0,5.0,4.940000057220459,36,0.0,1,1.0,0.0,1.0,0.0,1.0,4,10
0.04787179432808952,1,1.0,1,2,150.0,0,5.0,5.0,5.0,5.0,5.0,1,1.0,0,0.0,1.0,0.0,0.0,1.0,6,1
2.6699695569953277,2,2.0,2,5,250.0,27,4.880000114440918,4.0,4.940000057220459,5.0,4.820000171661377,17,1.0,1,0.0,0.0,0.0,0.0,1.0,3,1
0.48282237255949223,3,3.0,3,8,150.0,26,5.0,5.0,5.0,5.0,4.909999847412109,11,1.0,1,0.0,0.0,1.0,0.0,1.0,4,0
2.526987792396943,3,2.0,6,6,400.0,61,4.949999809265137,4.0,4.849999904632568,4.900000095367432,4.75,20,0.0,1,1.0,0.0,0.0,0.0,1.0,4,7
0.026111769462679745,1,1.0,1,2,170.0,0,5.0,5.0,5.0,5.0,5.0,1,1.0,1,0.0,1.0,0.0,0.0,1.0,6,1
0.7180030072272097,2,2.0,2,4,100.0,13,4.840000152587891,4.0,4.849999904632568,4.980000019073486,4.929999828338623,61,0.0,0,1.0,0.0,1.0,0.0,1.0,4,1
1.7182577987514793,3,2.0,4,8,350.0,27,4.75,4.0,4.920000076293945,4.920000076293945,4.670000076293945,12,0.0,1,0.0,0.0,0.0,0.0,1.0,6,1
0.04787179432808952,1,1.0,2,3,180.0,0,4.380000114440918,4.0,4.880000114440918,4.690000057220459,4.380000114440918,16,1.0,1,0.0,1.0,0.0,0.0,1.0,6,1
0.3023010616253346,1,2.0,2,4,190.0,0,4.940000057220459,4.0,4.909999847412109,4.960000038146973,4.869999885559082,0,0.0,1,0.0,0.0,0.0,0.0,1.0,0,3
2.2643896610323115,4,4.0,5,8,400.0,129,4.889999866485596,4.0,4.670000076293945,4.960000038146973,4.829999923706055,70,0.0,1,1.0,0.0,1.0,0.0,1.0,5,10
1.947838482800532,3,2.0,4,6,300.0,24,4.929999828338623,4.0,5.0,5.0,4.869999885559082,15,0.0,1,0.0,0.0,1.0,0.0,1.0,3,0
0.8829273422460973,3,3.0,5,8,300.0,41,5.0,5.0,4.929999828338623,4.929999828338623,4.710000038146973,14,0.0,1,1.0,0.0,0.0,0.0,1.0,7,2
0.26994579420087234,7,3.0,9,16,250.0,15,5.0,5.0,4.949999809265137,4.949999809265137,4.949999809265137,19,0.0,1,0.0,0.0,0.0,0.0,0.0,2,11
0.12338969224076636,3,3.0,3,6,300.0,25,5.0,5.0,4.929999828338623,4.789999961853027,4.860000133514404,14,0.0,1,0.0,0.0,1.0,0.0,1.0,5,1
1.9477001699972765,3,3.0,4,8,350.0,11,4.900000095367432,4.0,4.96999979019165,4.96999979019165,4.809999942779541,31,0.0,1,1.0,0.0,1.0,0.0,1.0,5,10
1.5732345630817266,2,2.0,5,6,250.0,11,4.940000057220459,4.0,5.0,4.940000057220459,4.880000114440918,16,0.0,1,1.0,0.0,1.0,0.0,1.0,2,1
0.19915360987566055,3,3.0,7,8,350.0,51,5.0,5.0,4.829999923706055,5.0,4.829999923706055,12,0.0,1,0.0,0.0,0.0,0.0,1.0,6,5
2.125280715306976,4,4.0,5,8,300.0,35,5.0,5.0,5.0,4.860000133514404,4.860000133514404,7,0.0,1,0.0,0.0,0.0,0.0,1.0,8,11
0.026111769462679745,2,1.0,3,6,240.0,0,5.0,5.0,5.0,4.920000076293945,5.0,25,1.0,0,0.0,1.0,1.0,0.0,1.0,6,1
2.219976923685207,3,2.0,4,8,150.0,22,4.829999923706055,4.0,4.829999923706055,5.0,4.960000038146973,23,0.0,1,0.0,0.0,1.0,0.0,1.0,5,7
0.37083716698486324,2,3.0,2,5,0.0,13,4.880000114440918,4.0,4.690000057220459,4.940000057220459,4.880000114440918,16,0.0,1,1.0,0.0,1.0,0.0,1.0,2,0
1.3774676970059376,2,2.0,2,6,280.0,23,4.809999942779541,4.0,4.75,5.0,4.75,16,0.0,1,0.0,0.0,0.0,0.0,1.0,7,0
0.19131179147440794,3,2.0,4,8,250.0,17,4.929999828338623,4.0,4.929999828338623,4.929999828338623,4.869999885559082,15,0.0,1,1.0,0.0,1.0,0.0,1.0,2,0
1.168591481345462,2,2.0,2,8,160.0,22,5.0,5.0,5.0,5.0,5.0,1,1.0,1,1.0,0.0,0.0,0.0,0.0,4,0
2.6627677649402623,2,2.0,0,5,200.0,14,4.650000095367432,4.0,4.699999809265137,4.599999904632568,4.699999809265137,20,0.0,1,0.0,0.0,0.0,0.0,1.0,3,1
0.13110087853615357,3,2.0,3,6,200.0,43,4.730000019073486,4.0,4.800000190734863,5.0,4.599999904632568,15,1.0,1,1.0,1.0,0.0,0.0,1.0,3,5
2.7054811911748144,3,2.0,3,6,250.0,44,5.0,5.0,5.0,4.949999809265137,4.949999809265137,21,0.0,1,1.0,1.0,1.0,0.0,1.0,8,0
0.052031002205354955,3,2.0,5,9,160.0,11,4.940000057220459,4.0,4.5,4.940000057220459,4.809999942779541,16,1.0,1,1.0,0.0,0.0,0.0,1.0,6,1
1.3300064184987104,2,2.0,3,5,300.0,29,4.889999866485596,4.0,4.78000020980835,4.920000076293945,4.820000171661377,65,0.0,1,0.0,0.0,0.0,0.0,1.0,5,8
2.13917194116407,2,2.0,2,8,160.0,23,4.630000114440918,4.0,4.679999828338623,4.880000114440918,4.71999979019165,65,0.0,1,0.0,0.0,0.0,0.0,1.0,7,5
0.7055997479682871,3,2.0,4,6,200.0,15,5.0,5.0,4.900000095367432,5.0,5.0,10,0.0,1,1.0,0.0,1.0,0.0,1.0,4,11
0.1639668940305987,2,2.0,2,5,250.0,41,4.880000114440918,4.0,4.880000114440918,4.820000171661377,4.940000057220459,17,0.0,1,1.0,1.0,1.0,0.0,1.0,8,9
1.3206171408878344,3,2.0,3,8,330.0,24,4.900000095367432,4.0,5.0,5.0,4.900000095367432,10,0.0,1,0.0,0.0,0.0,0.0,1.0,5,0
0.08631480640674771,3,2.0,3,9,250.0,21,4.889999866485596,4.0,4.889999866485596,4.889999866485596,4.829999923706055,18,0.0,1,1.0,0.0,1.0,0.0,1.0,2,2
0.44651143953339,2,1.0,4,6,250.0,10,4.800000190734863,4.0,4.599999904632568,5.0,5.0,5,0.0,1,0.0,0.0,0.0,0.0,1.0,0,11
2.0875238163688907,2,1.0,4,4,180.0,7,5.0,5.0,4.889999866485596,4.670000076293945,4.78000020980835,9,0.0,1,0.0,0.0,0.0,0.0,1.0,4,0
0.4688914248842735,3,3.0,6,7,300.0,1,5.0,5.0,4.800000190734863,5.0,5.0,5,0.0,1,0.0,0.0,0.0,0.0,1.0,10,10
0.45393636070985566,2,2.0,2,6,200.0,20,5.0,5.0,5.0,4.699999809265137,4.900000095367432,10,1.0,1,0.0,0.0,1.0,0.0,1.0,2,0
0.5316731625479263,4,3.0,6,12,250.0,18,4.980000019073486,4.0,4.949999809265137,5.0,4.880000114440918,43,0.0,1,1.0,0.0,1.0,0.0,1.0,6,2
0.07513684318053222,2,1.0,2,6,150.0,10,4.949999809265137,4.0,4.869999885559082,5.0,4.949999809265137,38,0.0,1,1.0,0.0,1.0,0.0,1.0,2,7
0.33361362690787133,1,1.0,1,4,200.0,18,4.929999828338623,4.0,5.0,5.0,4.789999961853027,14,0.0,1,1.0,0.0,1.0,0.0,1.0,5,6
0.8864587099742093,3,2.0,3,6,250.0,30,5.0,5.0,5.0,4.940000057220459,4.96999979019165,33,0.0,1,1.0,0.0,1.0,0.0,1.0,2,8
1.9841840815397187,2,2.0,2,6,250.0,45,4.949999809265137,4.0,5.0,4.949999809265137,5.0,20,0.0,1,0.0,0.0,0.0,0.0,1.0,4,11
1.9356615388233873,3,2.0,3,6,0.0,111,4.829999923706055,4.0,4.730000019073486,4.869999885559082,4.670000076293945,30,1.0,1,1.0,0.0,0.0,0.0,1.0,8,0
0.8918619100277667,2,2.0,2,5,250.0,27,5.0,5.0,5.0,5.0,4.940000057220459,18,0.0,1,1.0,0.0,1.0,0.0,1.0,8,4
0.03449803432836727,2,1.0,2,4,240.0,0,5.0,5.0,4.75,4.75,4.5,4,1.0,1,0.0,1.0,0.0,0.0,1.0,6,1
0.04154056100103579,1,1.0,1,3,190.0,0,5.0,5.0,5.0,5.0,5.0,3,1.0,1,0.0,1.0,0.0,0.0,1.0,6,1
3.0370217419288057,2,2.0,4,10,200.0,60,4.699999809265137,4.0,4.650000095367432,4.849999904632568,4.650000095367432,20,0.0,1,0.0,0.0,0.0,0.0,0.0,6,5
0.09895597078649733,2,2.0,2,6,250.0,26,4.960000038146973,4.0,5.0,5.0,5.0,26,1.0,1,1.0,0.0,1.0,0.0,1.0,3,4
0.5062773421813374,2,2.0,4,6,200.0,17,5.0,5.0,5.0,4.889999866485596,5.0,9,0.0,1,0.0,0.0,1.0,0.0,1.0,3,5
0.6777170670413958,2,2.0,2,4,369.0,0,4.5,4.0,4.5,4.0,4.5,4,1.0,1,0.0,1.0,0.0,0.0,1.0,6,1
0.20504093844834123,3,2.0,3,9,250.0,18,5.0,5.0,4.860000133514404,5.0,4.570000171661377,7,0.0,1,0.0,0.0,1.0,0.0,1.0,1,11
0.4856457711579396,3,2.0,4,6,456.0,0,5.0,5.0,5.0,5.0,5.0,5,1.0,1,0.0,1.0,1.0,0.0,1.0,6,1
0.0509775305899246,1,1.0,1,2,150.0,0,5.0,5.0,5.0,5.0,3.0,1,1.0,1,0.0,1.0,0.0,0.0,1.0,6,1
1.8300410790220791,2,2.0,2,6,210.0,36,4.789999961853027,4.0,4.5,4.889999866485596,4.679999828338623,38,0.0,1,0.0,0.0,0.0,0.0,1.0,6,5
1.0140977155706046,2,2.0,2,4,369.0,0,4.75,4.0,4.380000114440918,4.380000114440918,4.5,8,1.0,1,0.0,1.0,0.0,0.0,1.0,6,1
1.2446921477840045,2,2.0,3,6,200.0,25,5.0,5.0,4.900000095367432,5.0,5.0,10,1.0,1,1.0,0.0,1.0,0.0,1.0,2,5
1.8426338457604743,2,2.0,3,6,350.0,19,4.760000228881836,4.0,4.650000095367432,4.710000038146973,4.650000095367432,17,0.0,1,0.0,0.0,0.0,0.0,1.0,6,1
0.027262480377816985,4,3.0,6,12,250.0,64,4.900000095367432,4.0,4.71999979019165,5.0,4.949999809265137,39,0.0,1,1.0,0.0,1.0,0.0,1.0,1,8
0.33893052942417073,4,3.0,4,7,300.0,16,5.0,5.0,5.0,5.0,5.0,9,0.0,1,0.0,0.0,0.0,0.0,1.0,5,4
0.6868804859425265,2,2.0,3,6,300.0,0,5.0,5.0,5.0,4.699999809265137,5.0,10,0.0,1,0.0,0.0,1.0,0.0,1.0,0,3
0.029917658472997027,4,3.0,7,11,200.0,54,4.960000038146973,4.0,5.0,4.829999923706055,4.920000076293945,24,1.0,1,1.0,0.0,1.0,0.0,0.0,1,10
0.019569194672082787,4,3.0,4,10,300.0,30,4.789999961853027,4.0,4.670000076293945,5.0,4.75,52,0.0,1,0.0,0.0,1.0,0.0,1.0,5,3
0.8816202322364338,3,2.0,5,8,300.0,26,5.0,5.0,4.599999904632568,5.0,5.0,5,0.0,1,0.0,0.0,0.0,0.0,1.0,5,3
0.771650109039174,3,3.0,3,8,250.0,34,5.0,5.0,5.0,4.75,4.630000114440918,8,0.0,1,0.0,0.0,0.0,0.0,1.0,6,1
0.11904077609949687,3,2.0,3,6,350.0,24,4.909999847412109,4.0,5.0,4.820000171661377,4.820000171661377,11,0.0,1,0.0,0.0,0.0,0.0,1.0,10,8
0.035200214160174735,1,1.0,2,4,190.0,0,4.670000076293945,4.0,5.0,5.0,4.329999923706055,3,1.0,1,0.0,1.0,0.0,0.0,1.0,6,1
0.3841776107644712,2,2.0,3,6,220.0,22,5.0,5.0,5.0,5.0,5.0,8,0.0,1,0.0,0.0,1.0,0.0,1.0,4,11
0.7569023205580004,3,3.0,4,8,300.0,17,4.920000076293945,4.0,4.889999866485596,4.75,4.940000057220459,36,1.0,1,1.0,0.0,1.0,0.0,1.0,2,1
0.5331466002589033,2,2.0,2,6,250.0,18,5.0,5.0,5.0,4.730000019073486,4.869999885559082,15,0.0,1,0.0,0.0,1.0,0.0,1.0,2,0
0.13325764995896117,2,2.0,3,6,260.0,70,5.0,5.0,4.960000038146973,4.96999979019165,4.96999979019165,70,0.0,1,1.0,0.0,1.0,0.0,1.0,3,3
0.23492271476480384,2,2.0,2,2,100.0,32,4.710000038146973,4.0,4.5,4.880000114440918,4.880000114440918,24,0.0,1,0.0,0.0,0.0,0.0,0.0,4,11
0.0905242303453058,2,2.0,5,5,147.0,45,4.889999866485596,4.0,4.840000152587891,4.949999809265137,4.920000076293945,37,0.0,1,1.0,0.0,1.0,0.0,1.0,6,2
0.2723108648225584,3,3.0,3,8,250.0,19,5.0,5.0,5.0,5.0,5.0,17,0.0,1,1.0,0.0,1.0,0.0,1.0,3,3
0.6235309769532379,2,2.0,2,5,150.0,29,5.0,5.0,4.670000076293945,4.75,5.0,12,0.0,1,1.0,0.0,1.0,0.0,1.0,0,10
0.6125749773163636,2,2.0,5,7,250.0,16,5.0,5.0,4.920000076293945,4.920000076293945,4.829999923706055,12,0.0,1,0.0,0.0,1.0,0.0,1.0,6,0
1.5870090890003905,2,3.0,3,5,200.0,44,4.829999923706055,4.0,4.820000171661377,4.940000057220459,4.849999904632568,103,0.0,1,1.0,1.0,1.0,0.0,1.0,8,0
1.1593327648978957,2,2.0,3,6,290.0,12,4.929999828338623,4.0,4.929999828338623,5.0,4.860000133514404,14,0.0,1,0.0,0.0,1.0,0.0,1.0,3,0
1.9778297568966179,4,5.0,3,8,700.0,0,4.940000057220459,4.0,4.909999847412109,4.960000038146973,4.869999885559082,0,0.0,1,0.0,0.0,0.0,0.0,1.0,5,2
1.8643801163423888,2,1.0,4,5,300.0,35,4.940000057220459,4.0,4.940000057220459,4.78000020980835,4.889999866485596,18,0.0,1,1.0,0.0,1.0,0.0,1.0,2,4
0.7112870530943814,2,1.0,2,5,0.0,0,4.670000076293945,4.0,4.75,4.75,4.670000076293945,12,0.0,1,0.0,0.0,0.0,0.0,1.0,7,5
0.7019175003043263,2,2.0,2,4,300.0,0,5.0,5.0,5.0,4.869999885559082,5.0,15,0.0,1,1.0,0.0,1.0,0.0,1.0,10,2
0.6366224491389402,2,2.0,2,6,250.0,27,4.860000133514404,4.0,4.829999923706055,4.929999828338623,4.71999979019165,29,0.0,1,1.0,0.0,1.0,0.0,1.0,7,2
0.16195015260241472,0,1.0,2,4,150.0,12,5.0,5.0,5.0,4.960000038146973,4.960000038146973,24,1.0,1,1.0,0.0,1.0,0.0,1.0,1,6
0.8591534172380887,2,2.0,2,6,280.0,18,4.909999847412109,4.0,4.820000171661377,4.96999979019165,4.849999904632568,33,1.0,1,1.0,0.0,1.0,0.0,1.0,3,11
0.3280905434870638,3,3.0,3,8,400.0,44,5.0,5.0,5.0,5.0,4.860000133514404,7,0.0,1,0.0,0.0,1.0,0.0,1.0,2,2
0.08068350730584069,2,1.0,3,4,175.0,38,4.929999828338623,4.0,4.710000038146973,4.710000038146973,4.929999828338623,14,0.0,1,1.0,1.0,1.0,0.0,1.0,1,3
0.709370007956103,3,2.0,5,8,500.0,23,5.0,5.0,5.0,5.0,4.920000076293945,24,0.0,1,1.0,0.0,1.0,0.0,1.0,2,4
0.06831673399392535,1,2.0,3,6,200.0,18,4.78000020980835,4.0,4.739999771118164,4.960000038146973,4.739999771118164,23,0.0,1,1.0,0.0,0.0,0.0,1.0,2,4
0.08818011500699541,2,2.0,3,5,160.0,30,5.0,5.0,5.0,5.0,4.889999866485596,27,0.0,1,1.0,0.0,1.0,0.0,1.0,3,2
1.3936043968793994,2,2.0,3,8,250.0,15,4.199999809265137,4.0,4.0,4.900000095367432,4.300000190734863,10,0.0,1,0.0,0.0,0.0,0.0,1.0,9,2
0.7320826979604673,2,3.0,4,5,250.0,19,5.0,5.0,5.0,4.800000190734863,5.0,5,0.0,1,1.0,0.0,1.0,0.0,1.0,0,11
0.18051552410881935,0,0.0,1,8,350.0,27,4.909999847412109,4.0,4.639999866485596,5.0,4.820000171661377,11,0.0,1,0.0,0.0,0.0,0.0,1.0,6,4
0.1977155873838967,3,2.0,5,8,200.0,29,4.559999942779541,4.0,4.5,4.860000133514404,4.610000133514404,36,0.0,1,0.0,0.0,0.0,0.0,1.0,7,0
0.37308024242014054,2,2.0,2,6,260.0,18,4.829999923706055,4.0,4.920000076293945,5.0,4.829999923706055,12,0.0,1,1.0,0.0,1.0,0.0,1.0,2,5
2.21308428685254,3,2.0,4,9,300.0,12,4.880000114440918,4.0,4.880000114440918,4.800000190734863,4.880000114440918,25,0.0,1,1.0,0.0,1.0,0.0,1.0,8,2
0.15123532556003474,3,2.0,7,10,60.0,19,4.829999923706055,4.0,4.840000152587891,4.800000190734863,4.809999942779541,361,1.0,1,1.0,1.0,0.0,0.0,1.0,7,0
1.1783529499847156,3,2.0,4,8,200.0,48,4.559999942779541,4.0,4.639999866485596,4.889999866485596,4.559999942779541,36,0.0,1,0.0,0.0,0.0,0.0,1.0,3,4
2.7004971217820697,4,5.0,5,13,400.0,20,5.0,5.0,5.0,5.0,5.0,4,0.0,1,0.0,0.0,0.0,0.0,1.0,1,2
