airbnb_listing_id,adr,price_median,price_std,n_dates,first_date,last_date,period_days,occupancy_proxy,est_annual_revenue,est_revenue_observed_period
1977915,864.3805037735849,850.0,187.4135467872485,159,2025-02-13,2025-04-20,67,1.0,315498.8838773585,137436.5001
2951220,789.6676470588235,670.0,217.39561598969888,85,2025-01-26,2025-04-20,85,1.0,288228.6911764706,67121.75
3263701,1533.3333333333333,1650.0,263.63525200414824,48,2025-02-08,2025-04-10,62,0.7741935483870968,433290.3225806451,73600.0
3977675,242.7121210909091,198.0,77.59643167040477,55,2025-01-25,2025-03-31,66,0.8333333333333334,73824.93683181818,13349.16666
5443557,799.1158536585366,793.0,121.86331897248931,82,2025-01-07,2025-04-07,91,0.9010989010989011,262830.0824175824,65527.5
6569062,737.0856174074074,750.0,63.49002587049586,270,2025-01-06,2025-04-19,104,1.0,269036.2503537037,199013.1167
8287843,659.6052631578947,700.0,176.0861290388243,190,2025-01-26,2025-04-20,85,1.0,240755.92105263157,125324.99999999999
8838629,781.0525248484848,650.0,253.26258875536942,165,2025-01-21,2025-04-17,87,1.0,285084.171569697,128873.6666
8936081,493.037037037037,460.0,67.80783451528607,27,2025-02-28,2025-04-06,38,0.7105263157894737,127865.26315789473,13312.0
9327293,922.4090909090909,900.0,32.058894667045664,33,2025-01-27,2025-03-31,64,0.515625,173600.2734375,30439.5
9658725,282.1,300.0,38.19380403503515,10,2025-03-24,2025-04-02,10,1.0,102966.50000000001,2821.0
9784227,480.0,480.0,0.0,19,2025-02-01,2025-02-28,28,0.6785714285714286,118885.71428571429,9120.0
10266012,121.25,125.0,4.413148217880572,58,2025-02-01,2025-04-07,66,0.8787878787878788,38891.856060606064,7032.5
10340400,300.0,300.0,0.0,18,2025-03-06,2025-03-19,14,1.0,109500.0,5400.0
10982940,1800.0,1800.0,0.0,75,2025-01-23,2025-04-20,88,0.8522727272727273,559943.1818181819,135000.0
11044577,384.6154545454545,378.0,38.43173481178639,55,2025-01-30,2025-04-07,68,0.8088235294117647,113546.40073529411,21153.85
11508986,348.7307692307692,354.0,19.249042600234453,13,2025-02-13,2025-03-08,24,0.5416666666666666,68946.97916666666,4533.5
11567423,856.9881656804733,790.0,125.89545871786608,169,2025-01-20,2025-04-20,91,1.0,312800.68047337275,144831.0
12067632,721.1063067567568,720.0,118.49095405074824,74,2025-02-14,2025-03-31,46,1.0,263203.80196621624,53361.866700000006
12359560,700.336661,602.5,159.21289058289224,100,2025-02-13,2025-04-20,67,1.0,255622.881265,70033.6661
12490354,748.5075777777778,749.0,57.05370522738524,63,2025-02-02,2025-04-05,63,1.0,273205.2658888889,47155.9774
12931525,417.57272672727277,400.0,73.95384902120311,110,2025-01-15,2025-04-20,96,1.0,152414.04525545455,45932.99994
13522176,2397.796875,2300.0,671.9564581152731,32,2025-02-10,2025-04-06,56,0.5714285714285714,500111.9196428571,76729.5
14872547,613.26953125,690.75,150.93946085313118,64,2025-01-27,2025-03-31,64,1.0,223843.37890625,39249.25
14884678,577.887323943662,595.0,22.00100601321588,71,2025-03-10,2025-04-20,42,1.0,210928.87323943662,41030.0
15024197,800.0,800.0,0.0,18,2025-01-30,2025-02-16,18,1.0,292000.0,14400.0
15500038,508.6462341346154,428.2,136.64709561404527,208,2025-01-15,2025-04-20,96,1.0,185655.8754591346,105798.4167
15523493,671.5625,800.0,235.31224709989928,148,2025-01-27,2025-04-15,79,1.0,245120.3125,99391.25
15549803,775.5673076923077,490.0,432.6572168245331,104,2025-01-13,2025-04-19,97,1.0,283082.0673076923,80659.0
15732070,769.668333,766.5,19.526472212374053,100,2025-01-28,2025-03-31,63,1.0,280928.941545,76966.8333
15754075,682.1801783783784,600.0,115.71253911002543,111,2025-01-28,2025-03-31,63,1.0,248995.7651081081,75721.9998
15791567,580.0,550.0,71.94769341845013,35,2025-02-16,2025-04-07,51,0.6862745098039216,145284.3137254902,20300.0
15909831,752.6269846560847,790.0,86.32917416560794,189,2025-02-02,2025-04-20,78,1.0,274708.8493994709,142246.5001
15934309,806.0862068965517,790.0,90.4241037388499,174,2025-02-10,2025-04-20,70,1.0,294221.4655172414,140259.0
15980018,400.0,400.0,0.0,39,2025-03-30,2025-04-20,22,1.0,146000.0,15600.0
15980108,1500.0,1500.0,0.0,39,2025-02-09,2025-04-07,58,0.6724137931034483,368146.5517241379,58500.0
16017693,867.3321000000001,910.0,215.4287893488062,108,2025-01-26,2025-03-31,65,1.0,316576.21650000004,93671.8668
16105751,273.2916666666667,250.0,69.62362345972788,72,2025-01-29,2025-04-17,79,0.9113924050632911,90912.72151898735,19677.0
16177778,757.701724137931,810.0,159.35371637781594,232,2025-01-19,2025-04-20,92,1.0,276561.1293103448,175786.8
16253828,1605.1979166666667,1610.6666,64.95001046941807,192,2025-01-29,2025-04-19,81,1.0,585897.2395833334,308198.0
16270332,896.2962962962963,900.0,84.59216914326872,54,2025-01-16,2025-03-10,54,1.0,327148.14814814815,48400.0
16321793,530.9430051813472,450.0,101.91889067458747,193,2025-01-18,2025-04-20,93,1.0,193794.19689119174,102472.00000000001
16350860,603.9346153846154,653.0,111.92218171397208,65,2025-02-03,2025-04-20,77,0.8441558441558441,186082.4512987013,39255.75
16451544,500.0,500.0,0.0,66,2025-03-05,2025-04-20,47,1.0,182500.0,33000.0
16527828,1055.7931034482758,1050.0,92.33525718449255,87,2025-01-24,2025-04-20,87,1.0,385364.4827586207,91854.0
16570256,497.8892123404255,523.0,68.79436537758953,47,2025-02-09,2025-04-06,57,0.8245614035087719,149847.18311754384,23400.79298
16586622,636.817373939394,600.0,154.59484668554032,165,2025-01-31,2025-04-20,80,1.0,232438.3414878788,105074.8667
16618715,791.5941860465116,790.0,134.95229670835676,215,2025-01-09,2025-04-20,102,1.0,288931.87790697673,170192.75
16644316,818.2388059701492,770.0,172.87831502132735,67,2025-01-06,2025-04-06,91,0.7362637362637363,219890.43956043955,54822.0
16662563,1728.0,1728.0,0.0,186,2025-01-29,2025-03-31,62,1.0,630720.0,321408.0
16730935,250.0,250.0,0.0,89,2025-01-21,2025-04-19,89,1.0,91250.0,22250.0
16992951,644.9651162790698,500.0,241.2432426796302,172,2025-01-21,2025-04-20,90,1.0,235412.26744186046,110934.0
17013106,1770.3389830508474,1500.0,329.3303869960195,59,2025-01-14,2025-04-06,83,0.7108433734939759,459328.313253012,104450.0
17034886,832.75,446.0,490.81269056761596,46,2025-01-06,2025-04-06,91,0.5054945054945055,153646.95054945056,38306.5
17294276,992.68889,850.0,279.8864389004046,90,2025-01-30,2025-04-20,81,1.0,362331.44485,89342.0001
17511306,1007.8548387096774,1100.0,146.10908195133553,62,2025-01-24,2025-04-06,73,0.8493150684931506,312434.99999999994,62487.0
17570590,1560.2456140350878,1574.0,264.6796798872079,114,2025-01-12,2025-04-20,99,1.0,569489.6491228071,177868.0
18395333,611.8915662650602,600.0,121.76933106922732,166,2025-02-09,2025-04-17,68,1.0,223340.42168674697,101573.99999999999
18505349,634.5076923076923,650.0,43.07131707800993,65,2025-03-15,2025-04-13,30,1.0,231595.3076923077,41243.0
18506998,373.4878048780488,350.0,44.839224988406905,41,2025-03-04,2025-04-16,44,0.9318181818181818,127028.29545454546,15313.0
18735821,250.61363636363637,250.0,4.070403151799809,44,2025-02-10,2025-04-06,56,0.7857142857142857,71872.41071428572,11027.0
20555680,200.0,200.0,0.0,19,2025-04-01,2025-04-19,19,1.0,73000.0,3800.0
20618105,649.4862763779528,634.3333,39.05656821136638,127,2025-01-13,2025-03-06,53,1.0,237062.49087795278,82484.7571
20863370,507.93055555555554,500.0,13.456849763431094,18,2025-03-19,2025-04-13,26,0.6923076923076923,128350.14423076923,9142.75
20943549,425.261874875,400.0,120.3322161490785,160,2025-01-25,2025-04-20,86,1.0,155220.584329375,68041.89998
21025393,740.7201641975308,750.0,76.48334600868245,81,2025-02-15,2025-04-20,65,1.0,270362.85993209877,59998.3333
21077682,791.90909,670.3333,203.30777111346742,110,2025-01-09,2025-04-07,89,1.0,289046.81785,87109.9999
21091876,767.8160173160173,700.0,94.06559761875543,231,2025-01-08,2025-04-20,103,1.0,280252.84632034635,177365.5
21103486,357.3311225595238,350.0,88.5994624253536,168,2025-01-22,2025-04-20,89,1.0,130425.8597342262,60031.62859
21103807,1081.6901408450703,1450.0,484.7119495579469,71,2025-01-27,2025-04-07,71,1.0,394816.9014084507,76800.0
21280090,825.9509493670886,850.0,50.544522680289624,158,2025-01-16,2025-04-20,95,1.0,301472.0965189873,130500.25
21295667,679.2234837878788,517.0,230.62704928770128,132,2025-02-27,2025-04-20,53,1.0,247916.57158257574,89657.49986
21324331,797.9677419354839,802.0,213.34078941066912,93,2025-02-05,2025-03-24,48,1.0,291258.22580645164,74211.0
21397811,710.9806302702702,600.0,180.1012004720747,185,2025-01-27,2025-04-16,80,1.0,259507.93004864865,131531.4166
21436592,528.8059701492538,490.0,62.65640764010277,67,2025-01-12,2025-03-31,79,0.8481012658227848,163695.56962025317,35430.0
21454457,211.6551724137931,172.0,88.25623242341787,29,2025-02-19,2025-04-20,61,0.47540983606557374,36727.37704918032,6138.0
21545686,321.54055555555556,269.0,58.96972184656886,180,2025-02-03,2025-04-20,77,1.0,117362.30277777778,57877.3
21552865,739.964705882353,750.0,52.1999240691894,85,2025-01-16,2025-03-05,49,1.0,270087.11764705885,62897.0
21607605,779.0921978723404,650.0,214.25754191828653,47,2025-01-25,2025-04-17,83,0.5662650602409639,161028.03198192772,36617.3333
21632405,505.2117655462185,408.0,152.5436114485619,119,2025-01-29,2025-04-16,78,1.0,184402.29442436976,60120.2001
21662762,317.9222222222222,300.0,118.7258410933393,90,2025-01-30,2025-04-17,78,1.0,116041.61111111111,28613.0
21695053,757.6960093896714,720.0,84.72610572353354,213,2025-01-22,2025-04-20,89,1.0,276559.0434272301,161389.25
21734892,792.4940476190476,800.0,148.67916819170523,168,2025-02-12,2025-04-20,68,1.0,289260.32738095237,133139.0
21743476,692.08295,650.0,106.69212661643182,56,2025-02-10,2025-04-06,56,1.0,252610.27675,38756.6452
21780661,478.25396825396825,600.0,146.60446767979616,63,2025-01-28,2025-04-06,69,0.9130434782608695,159383.3333333333,30130.0
22047595,700.8376901960784,620.0,226.09909851956678,153,2025-02-08,2025-04-20,72,1.0,255805.7569215686,107228.1666
22190101,277.5527778378378,250.0,51.44478959835018,111,2025-02-24,2025-04-20,56,1.0,101306.76391081081,30808.35834
22191680,460.52884615384613,400.0,156.805047225455,208,2025-01-25,2025-04-17,83,1.0,168093.02884615384,95790.0
22223346,592.25,590.0,93.09239735039831,28,2025-02-23,2025-04-06,43,0.6511627906976745,140762.67441860467,16583.0
22231120,334.46041675000004,341.0,20.620153895993237,80,2025-01-31,2025-04-20,80,1.0,122078.05211375002,26756.833340000005
22243318,550.6666666666666,580.0,45.48992562461861,111,2025-02-02,2025-04-20,78,1.0,200993.3333333333,61123.99999999999
22245880,1334.3490235294119,1220.5,244.63182757500266,170,2025-01-25,2025-04-20,86,1.0,487037.3935882353,226839.334
22306996,216.5238092857143,250.0,51.146960188342895,56,2025-03-22,2025-04-20,30,1.0,79031.19038928572,12125.33332
22307401,405.18518518518516,400.0,19.487741782260958,27,2025-02-24,2025-04-06,42,0.6428571428571429,95073.80952380953,10940.0
22335276,713.114428358209,800.0,105.41801678864698,67,2025-01-22,2025-04-05,74,0.9054054054054054,235665.04520945947,47778.6667
22383070,321.29583349999996,250.0,93.64433469210697,40,2025-01-27,2025-04-20,84,0.47619047619047616,55844.275822619034,12851.833339999997
22421016,806.1358037037038,800.0,16.135181982060715,27,2025-02-15,2025-02-23,9,1.0,294239.5683518519,21765.6667
22421421,434.98854961832063,347.0,180.65895904511578,131,2025-01-14,2025-04-20,97,1.0,158770.82061068702,56983.5
22421606,440.8,361.0,180.3956715648348,120,2025-01-12,2025-04-17,96,1.0,160892.0,52896.0
22428497,299.0,299.0,0.0,40,2025-02-03,2025-04-06,63,0.6349206349206349,69292.06349206349,11960.0
22514231,400.0,300.0,143.42743312012726,36,2025-01-10,2025-04-06,87,0.41379310344827586,60413.793103448275,14400.0
22648075,396.66153846153844,348.0,71.46977538150142,65,2025-02-02,2025-04-16,74,0.8783783783783784,127172.9054054054,25783.0
22739656,1243.655617679558,1280.0,130.8491308649236,181,2025-01-24,2025-04-20,87,1.0,453934.30045303865,225101.66679999998
22810332,480.0464285714286,480.0,0.6017830648521767,168,2025-02-15,2025-04-20,65,1.0,175216.94642857142,80647.8
22901902,721.0091042016807,700.0,47.72133648446672,238,2025-01-19,2025-04-20,92,1.0,263168.32303361344,171600.1668
23023313,549.1101694915254,650.0,175.63500216899513,177,2025-01-22,2025-04-19,88,1.0,200425.21186440677,97192.5
23068512,636.9473684210526,700.0,87.83347481595848,19,2025-01-13,2025-02-27,46,0.41304347826086957,96026.73913043478,12102.0
23078040,774.074074074074,800.0,67.80990406090493,54,2025-02-09,2025-04-19,70,0.7714285714285715,217957.14285714287,41800.0
23108026,679.3243243243244,590.0,137.3559627250035,74,2025-01-07,2025-04-06,90,0.8222222222222222,203872.77777777778,50270.00000000001
23263225,286.40909090909093,283.0,11.564159813926358,11,2025-01-24,2025-02-03,11,1.0,104539.31818181819,3150.5000000000005
23299596,612.4444444444445,553.0,176.17368774583863,36,2025-01-15,2025-03-28,73,0.4931506849315068,110239.99999999999,22048.0
23343001,568.4976303317535,600.0,97.11102504264962,211,2025-01-20,2025-03-31,71,1.0,207501.63507109002,119952.99999999999
23390752,1377.2948717948718,1350.0,118.94063879841725,78,2025-01-20,2025-04-07,78,1.0,502712.6282051282,107429.0
23779860,406.25,300.0,168.4547895698791,32,2025-01-25,2025-04-17,83,0.3855421686746988,57168.674698795185,13000.0
23787711,400.0,400.0,0.0,90,2025-01-06,2025-04-05,90,1.0,146000.0,36000.0
24171739,451.6607142857143,416.0,123.8728492939748,56,2025-03-01,2025-04-16,47,1.0,164856.1607142857,25293.0
25104649,714.9017857142857,890.0,230.97033699884295,112,2025-01-06,2025-04-07,92,1.0,260939.15178571426,80069.0
25165914,617.3081896551724,700.0,140.65999678140182,232,2025-01-08,2025-04-20,103,1.0,225317.48922413794,143215.5
25918412,429.68489578125,390.0,103.57508901536688,64,2025-02-03,2025-04-07,64,1.0,156834.98696015627,27499.83333
26026295,451.4513888888889,390.0,117.37166079853858,72,2025-01-21,2025-04-11,81,0.8888888888888888,146470.8950617284,32504.5
26197944,473.1613924050633,450.0,57.05609651598345,158,2025-02-05,2025-04-20,75,1.0,172703.9082278481,74759.5
26334990,1219.8892477419356,1200.0,80.08853434756651,155,2025-01-31,2025-04-20,80,1.0,445259.5754258065,189082.83340000003
26570136,702.0586803030303,745.83335,206.2650722799462,198,2025-01-16,2025-04-20,95,1.0,256251.41831060607,139007.6187
26708551,559.5928565714286,478.0,206.70560279897254,175,2025-01-14,2025-04-20,97,1.0,204251.39264857143,97928.7499
26839303,762.5758395348837,800.0,208.71574175343662,129,2025-01-24,2025-04-17,84,1.0,278340.18143023254,98372.2833
26895628,966.360824742268,850.0,286.76744300212926,97,2025-02-13,2025-04-16,63,1.0,352721.7010309278,93737.0
26898492,373.6842105263158,350.0,55.430553221494804,38,2025-02-13,2025-04-07,54,0.7037037037037037,95981.48148148147,14200.0
27022969,1726.4677773333333,1808.0,184.14571805845844,150,2025-01-08,2025-03-08,60,1.0,630160.7387266667,258970.1666
27201205,697.6355546666666,605.0,227.02574420178524,75,2025-01-23,2025-04-16,84,0.8928571428571429,227354.4441547619,52322.6666
27338096,1383.6067415730338,1350.0,125.98986412853071,89,2025-01-08,2025-04-06,89,1.0,505016.4606741573,123141.0
27704027,751.8098481818182,800.0,67.5303718337404,220,2025-01-27,2025-04-20,84,1.0,274410.59458636364,165398.1666
27718978,530.7317073170732,500.0,35.80434637739104,41,2025-03-09,2025-04-17,40,1.0,193717.07317073172,21760.0
27910707,1557.274074074074,1680.0,292.49709989065605,81,2025-01-14,2025-04-06,83,0.9759036144578314,554708.5301204819,126139.2
27981528,555.8431034482759,500.0,117.58382037176032,145,2025-01-15,2025-04-20,96,1.0,202882.7327586207,80597.25
28071688,680.996664,550.0,236.19389019540424,100,2025-02-28,2025-04-19,51,1.0,248563.78236,68099.6664
28075525,446.3397435897436,400.0,162.81119041579643,78,2025-02-26,2025-04-19,53,1.0,162914.0064102564,34814.5
28155872,400.0,400.0,0.0,25,2025-03-13,2025-04-06,25,1.0,146000.0,10000.0
28160414,612.328947368421,498.0,127.1527097895741,152,2025-02-19,2025-04-20,61,1.0,223500.06578947368,93074.0
28366360,837.0135135135135,1000.0,360.2441971911147,185,2025-01-10,2025-04-20,101,1.0,305509.9324324324,154847.5
28410850,515.0688702479339,494.0,33.97155392808755,121,2025-01-26,2025-04-19,84,1.0,188000.13764049587,62323.3333
28429135,433.16878285714284,330.8,208.80622076804886,63,2025-02-17,2025-04-20,63,1.0,158106.60574285715,27289.63332
28932247,495.75252525252523,450.0,78.00029839481692,99,2025-02-04,2025-04-07,63,1.0,180949.6717171717,49079.5
28987242,646.2340425531914,507.0,308.4676159992472,47,2025-03-01,2025-04-16,47,1.0,235875.42553191487,30372.999999999996
29008738,573.5882352941177,494.0,120.02249607581969,136,2025-01-15,2025-04-17,93,1.0,209359.70588235295,78008.0
29114516,364.5740740740741,400.0,47.598556379836204,81,2025-02-17,2025-04-20,63,1.0,133069.53703703705,29530.5
29145061,439.5571428571429,500.0,141.77905327675154,56,2025-01-08,2025-04-05,88,0.6363636363636364,102097.13636363637,24615.2
29302246,394.7241379310345,400.0,84.73918563791568,58,2025-01-22,2025-04-06,75,0.7733333333333333,111417.46666666667,22894.0
29341170,408.7826086956522,349.0,105.20855754029776,46,2025-01-29,2025-03-31,62,0.7419354838709677,110700.9677419355,18804.0
29739100,724.177011724138,720.0,87.52960357875084,145,2025-01-22,2025-04-20,89,1.0,264324.60927931033,105005.6667
29761442,512.875,380.0,146.3340689047572,28,2025-02-09,2025-03-14,34,0.8235294117647058,154164.19117647057,14360.5
29800671,615.8783459854014,596.0,167.46077078362782,137,2025-01-21,2025-04-20,90,1.0,224795.5962846715,84375.3334
29870406,818.7767587155963,980.0,266.0816183985491,218,2025-01-09,2025-04-16,98,1.0,298853.51693119266,178493.3334
30032994,428.6111111111111,395.0,185.38416401431994,144,2025-01-17,2025-04-06,80,1.0,156443.05555555553,61720.0
30085847,541.6046514418605,490.0,75.85090047493877,215,2025-01-07,2025-04-20,104,1.0,197685.69777627906,116445.00006
30098696,249.0,249.0,0.0,10,2025-01-23,2025-02-01,10,1.0,90885.0,2490.0
30105402,802.254820661157,900.0,261.52404049290305,242,2025-01-20,2025-04-20,91,1.0,292823.0095413223,194145.6666
30153564,423.4583331746032,425.5,69.98091217667854,126,2025-02-03,2025-04-20,77,1.0,154562.29160873016,53355.74998
30209117,470.35714285714283,450.0,49.89492443446084,42,2025-01-21,2025-03-31,70,0.6,103008.21428571428,19755.0
30271062,534.4868421052631,583.0,67.0326275622158,76,2025-01-22,2025-04-07,76,1.0,195087.69736842104,40621.0
30332330,373.975419352518,350.0,99.00697233420196,139,2025-01-27,2025-04-16,80,1.0,136501.02806366907,51982.583289999995
30354217,347.5740740740741,320.0,56.182857997466925,27,2025-01-18,2025-04-07,80,0.3375,42816.78125,9384.5
30402651,591.814705882353,550.0,48.95087431360987,170,2025-01-07,2025-03-31,84,1.0,216012.36764705885,100608.50000000001
30491733,800.9721841379311,799.4,96.64756428712076,145,2025-01-27,2025-04-20,84,1.0,292354.84721034486,116140.9667
30493854,497.36842105263156,450.0,89.94642094026163,114,2025-02-19,2025-03-31,41,1.0,181539.47368421053,56700.0
30494198,470.85167464114835,520.0,198.84924834379848,209,2025-01-06,2025-04-19,104,1.0,171860.86124401915,98408.0
30519162,3900.0,3900.0,0.0,91,2025-01-07,2025-04-07,91,1.0,1423500.0,354900.0
30560948,881.8909528571429,700.0,223.76045945773546,210,2025-01-14,2025-04-20,97,1.0,321890.1977928572,185197.1001
30617740,556.4929577464789,500.0,79.70947108599664,71,2025-02-09,2025-04-20,71,1.0,203119.9295774648,39511.0
30756202,564.8377197368421,550.0,43.5635097817306,76,2025-01-11,2025-04-06,86,0.8837209302325582,182193.00401744188,42927.6667
30785010,524.8525179856115,430.0,176.7296352087139,139,2025-01-10,2025-04-20,101,1.0,191571.1690647482,72954.5
30795921,1500.0,1500.0,0.0,22,2025-03-16,2025-04-06,22,1.0,547500.0,33000.0
30910938,473.8273381294964,450.0,49.564177114202415,139,2025-02-15,2025-04-20,65,1.0,172946.9784172662,65862.0
30922946,199.6056338028169,150.0,61.803023243952694,71,2025-01-12,2025-04-06,85,0.8352941176470589,60856.23529411765,14172.0
31055581,416.99375,415.0,65.37843362557207,160,2025-01-23,2025-04-20,88,1.0,152202.71875,66719.0
31059537,837.8356466666665,830.25,282.86260698822144,180,2025-01-11,2025-04-16,96,1.0,305810.0110333333,150810.4164
31069380,783.4344262295082,809.0,141.81608469569062,61,2025-01-14,2025-03-09,55,1.0,285953.5655737705,47789.5
31084342,814.1509433962265,800.0,172.47557198567338,53,2025-01-13,2025-04-07,85,0.6235294117647059,185291.17647058825,43150.0
31115702,339.07608695652175,300.0,66.62781929755639,46,2025-02-02,2025-04-07,65,0.7076923076923077,87585.96153846155,15597.5
31122806,564.0,500.0,149.66629547095766,25,2025-01-07,2025-01-31,25,1.0,205860.0,14100.0
31141252,402.63157894736844,300.0,119.65455256191005,38,2025-02-17,2025-04-07,50,0.76,111690.0,15300.0
31167122,10000.0,10000.0,0.0,85,2025-01-13,2025-04-07,85,1.0,3650000.0,850000.0
31169655,404.71923076923076,375.0,72.06952626864242,65,2025-01-30,2025-04-20,81,0.8024691358024691,118542.762345679,26306.75
31278015,504.2857142857143,430.0,136.32657505026327,56,2025-02-24,2025-04-20,56,1.0,184064.2857142857,28240.0
31284638,932.0689655172414,990.0,181.83904159700523,87,2025-01-31,2025-04-19,79,1.0,340205.1724137931,81090.0
31380471,890.7798387096774,800.0,277.15774051626636,186,2025-01-16,2025-04-20,95,1.0,325134.64112903224,165685.05
31397917,2173.3333333333335,250.0,7421.418488466499,15,2025-01-30,2025-03-18,48,0.3125,247895.83333333337,32600.000000000004
31430342,463.9830508474576,450.0,52.52691970770919,59,2025-02-08,2025-04-07,59,1.0,169353.81355932204,27375.0
31441134,1514.7666666666667,1500.0,74.26790550237364,180,2025-01-07,2025-04-19,103,1.0,552889.8333333334,272658.0
31454750,544.4661016949152,479.0,173.9777195727122,59,2025-01-20,2025-04-05,76,0.7763157894736842,154277.33552631576,32123.499999999996
31511990,483.43023255813955,500.0,28.458242142262296,86,2025-01-25,2025-04-20,86,1.0,176452.03488372095,41575.0
31530689,707.6032863849765,700.0,36.81556067774404,213,2025-01-17,2025-04-20,94,1.0,258275.19953051643,150719.5
31543199,772.5166666666667,700.0,177.12332510231164,105,2025-02-27,2025-04-20,53,1.0,281968.5833333333,81114.25
31560419,421.22222222222223,449.0,44.99913464034684,108,2025-02-04,2025-04-19,75,1.0,153746.11111111112,45492.0
31682871,320.59999983333336,290.0,65.77934465673597,120,2025-01-30,2025-03-31,61,1.0,117018.99993916668,38471.99998
31859744,506.83673469387753,500.0,154.00031261224015,196,2025-02-03,2025-04-20,77,1.0,184995.4081632653,99340.0
31945494,575.6151509090909,630.0,216.2980170447837,165,2025-02-03,2025-04-17,74,1.0,210099.53008181817,94976.4999
31972121,344.06779661016947,350.0,36.64577616286232,59,2025-01-30,2025-04-06,67,0.8805970149253731,110589.55223880596,20300.0
32134287,652.1904761904761,750.0,109.98811285064043,84,2025-01-07,2025-04-07,91,0.9230769230769231,219738.02197802198,54784.0
32185033,1263.9423076923076,1300.0,356.183704836057,104,2025-01-25,2025-04-14,80,1.0,461338.94230769225,131450.0
32234626,402.36842105263156,380.0,36.59819893119213,38,2025-02-03,2025-04-06,63,0.6031746031746031,88584.92063492064,15290.0
32371924,517.3055555555555,488.0,70.6374673929283,72,2025-01-25,2025-04-19,85,0.8470588235294118,159938.70588235295,37246.0
32443120,512.3974353846154,529.0,28.62881436311345,13,2025-02-25,2025-03-09,13,1.0,187025.0639153846,6661.16666
32486859,911.2829457364342,899.0,98.51381654686743,129,2025-01-10,2025-04-16,97,1.0,332618.2751937985,117555.5
32585103,449.6962962962963,600.0,163.69676525921173,135,2025-01-28,2025-04-15,78,1.0,164139.14814814815,60709.0
32592683,1149.5551181102362,1000.0,321.25493003657283,127,2025-01-22,2025-04-20,89,1.0,419587.6181102362,145993.5
32600458,590.5906664,511.1111,146.82646823338715,125,2025-01-19,2025-04-16,88,1.0,215565.59323600002,73823.8333
32606991,577.372340212766,550.83335,89.81119500968298,188,2025-01-24,2025-04-20,87,1.0,210740.90417765957,108545.99996
32697747,361.99803882352944,350.0,75.94346451030846,34,2025-01-29,2025-04-07,69,0.4927536231884058,65107.183504347835,12307.93332
32766950,320.8333333333333,300.0,61.74185563771673,48,2025-01-21,2025-04-20,90,0.5333333333333333,62455.55555555555,15400.0
32990586,1008.7724360576923,1026.0,117.32709016939111,208,2025-01-26,2025-04-20,85,1.0,368201.9391610577,209824.6667
33336758,454.379539009901,452.0,122.82740270258759,101,2025-02-12,2025-04-06,54,1.0,165848.53173861388,45892.33344
34218930,760.988831292517,628.5,208.78704762054818,147,2025-01-27,2025-04-19,83,1.0,277760.9234217687,111865.3582
34540951,605.4028571428571,558.0,181.07268458275786,175,2025-01-30,2025-04-20,81,1.0,220972.04285714283,105945.5
34866449,485.58734939759034,400.0,124.13755770487727,166,2025-01-18,2025-04-20,93,1.0,177239.38253012046,80607.5
35481220,754.5026611894274,700.0,193.82582642776012,227,2025-01-07,2025-03-31,84,1.0,275393.471334141,171272.10409
35826155,590.0,590.0,0.0,20,2025-04-01,2025-04-20,20,1.0,215350.0,11800.0
35912580,327.8157894736842,350.0,25.38764890507693,38,2025-03-05,2025-04-20,47,0.8085106382978723,96740.53191489361,12457.0
35934720,500.0,500.0,0.0,10,2025-02-28,2025-03-09,10,1.0,182500.0,5000.0
36032020,598.8,550.0,148.18135606652507,50,2025-02-20,2025-04-15,55,0.9090909090909091,198692.72727272724,29939.999999999996
36632832,576.9188481675393,450.0,173.75052430283029,191,2025-01-15,2025-04-20,96,1.0,210575.37958115185,110191.5
36698654,1964.5949367088608,1900.0,555.5764047478041,79,2025-01-18,2025-04-06,79,1.0,717077.1518987342,155203.0
36908385,650.016129032258,455.0,267.0162543057229,62,2025-02-15,2025-03-31,45,1.0,237255.88709677418,40301.0
37118794,993.1920529801324,1000.0,19.76283219641967,151,2025-02-08,2025-04-20,72,1.0,362515.0993377483,149972.0
37153670,386.8018867924528,400.0,83.46985649755236,53,2025-01-25,2025-04-19,85,0.6235294117647059,88031.5588235294,20500.5
37347085,492.7219917012448,492.0,5.6437182793436405,241,2025-01-19,2025-04-20,92,1.0,179843.52697095435,118746.0
37487828,467.359649122807,380.0,166.72340122697221,114,2025-01-15,2025-04-20,96,1.0,170586.27192982455,53279.0
37494985,890.382955,900.0,100.12273158110824,220,2025-01-16,2025-04-20,95,1.0,324989.778575,195884.2501
37708447,791.24,700.0,311.5083417517425,100,2025-02-16,2025-04-20,64,1.0,288802.6,79124.0
37744392,720.9746835443038,680.0,139.6838582391308,79,2025-01-19,2025-04-07,79,1.0,263155.7594936709,56957.0
37989675,418.4761904761905,400.0,38.883555336106255,63,2025-01-30,2025-04-20,81,0.7777777777777778,118800.74074074074,26364.0
38262480,1305.7692307692307,1200.0,143.2418645795698,78,2025-01-31,2025-02-26,27,1.0,476605.7692307692,101850.0
38319706,571.2604163461539,590.0,140.74651987358604,208,2025-01-13,2025-04-20,98,1.0,208510.05196634616,118822.16660000001
38447436,1048.0977443609022,1127.0,361.9599318940975,266,2025-01-10,2025-04-20,101,1.0,382555.6766917293,278794.0
38514587,868.5097842105263,874.625,27.40776001975277,247,2025-01-19,2025-04-20,92,1.0,317006.0712368421,214521.9167
38616586,371.54824526315787,367.0,22.888123696869844,38,2025-02-23,2025-04-06,43,0.8837209302325582,119845.91073953488,14118.83332
38638326,665.3287045454546,675.0,143.64602440874367,198,2025-01-24,2025-04-20,87,1.0,242844.97715909092,131735.0835
38693604,596.4285714285714,650.0,87.8163960676265,168,2025-01-21,2025-04-20,90,1.0,217696.42857142858,100200.0
38695314,629.8933333333333,600.0,294.1822278397079,150,2025-01-12,2025-04-20,99,1.0,229911.06666666665,94484.0
38730549,807.6088088082902,767.0,147.73311337771887,193,2025-01-19,2025-04-20,92,1.0,294777.21521502594,155868.5001
38800430,443.6625,415.0,206.2781975354667,80,2025-02-08,2025-04-07,59,1.0,161936.8125,35493.0
38852725,516.3962264150944,450.0,116.61046367644067,159,2025-01-26,2025-04-20,85,1.0,188484.62264150943,82107.0
38899673,565.7662086956522,500.0,150.84344157733415,207,2025-01-23,2025-04-19,87,1.0,206504.66617391305,117113.60519999999
38957661,546.8852459016393,400.0,211.75021136216728,122,2025-01-22,2025-04-20,89,1.0,199613.11475409835,66720.0
38980085,995.0176991150443,930.0,245.93752756162868,226,2025-01-13,2025-04-20,98,1.0,363181.4601769911,224874.0
38998610,195.0,195.0,0.0,68,2025-01-22,2025-04-20,89,0.7640449438202247,54380.89887640449,13260.0
39007372,1101.19203187251,1100.0,4.5775032774406075,251,2025-01-16,2025-04-20,95,1.0,401935.09163346613,276399.2
39051477,1539.6935467741935,1500.0,157.51884069459788,248,2025-01-19,2025-04-20,92,1.0,561988.1445725806,381843.9996
39059902,599.2564102564103,750.0,327.08553374759083,78,2025-01-10,2025-04-07,88,0.8863636363636364,193873.06818181818,46742.0
39109062,1499.9111097435896,1400.0,139.99314635594254,195,2025-01-29,2025-04-20,82,1.0,547467.5550564101,292482.6664
39145712,811.4933333333333,662.0,179.338753392758,75,2025-02-07,2025-03-24,46,1.0,296195.06666666665,60862.0
39316910,684.0,790.0,156.72371048622932,15,2025-03-05,2025-04-20,47,0.3191489361702128,79678.72340425532,10260.0
39363955,406.18795346534654,370.0,73.98767870475943,101,2025-02-03,2025-04-20,77,1.0,148258.60301485148,41024.9833
39394196,353.80434782608694,350.0,12.744641592766087,23,2025-03-15,2025-04-06,23,1.0,129138.58695652173,8137.5
39394644,763.5752203539822,800.0,130.97278489676967,226,2025-01-21,2025-04-20,90,1.0,278704.9554292035,172567.9998
39414948,583.7777777777778,520.0,154.449975820833,162,2025-02-03,2025-04-17,74,1.0,213078.8888888889,94572.00000000001
39420557,799.2590909090909,800.0,39.70569753211822,99,2025-01-27,2025-03-09,42,1.0,291729.5681818182,79126.65
39507664,428.29761904761904,429.0,140.1526731871058,84,2025-02-15,2025-04-16,61,1.0,156328.63095238095,35977.0
39583346,592.8420868907563,700.0,206.4701463767578,119,2025-01-27,2025-04-19,83,1.0,216387.36171512603,70548.20834
39629644,433.64319267605634,350.0,113.04220776310534,71,2025-02-15,2025-04-01,46,1.0,158279.76532676056,30788.666680000002
39635217,415.13936170212764,385.0,89.39704178561223,47,2025-01-22,2025-04-20,89,0.5280898876404494,80019.27808988762,19511.55
39642773,370.6521739130435,400.0,125.86416265011071,46,2025-02-20,2025-04-06,46,1.0,135288.04347826086,17050.0
39685785,540.040778816568,450.0,117.5433745132199,169,2025-02-07,2025-04-20,73,1.0,197114.88426804735,91266.89162
39715668,233.03571428571428,230.0,31.003168040886226,154,2025-01-14,2025-04-19,96,1.0,85058.03571428571,35887.5
39745810,2352.5782516853933,2250.0,119.80254630448286,89,2025-01-22,2025-04-20,89,1.0,858691.0618651685,209379.4644
39820601,345.0,345.0,0.0,33,2025-03-05,2025-04-06,33,1.0,125925.0,11385.0
39837626,461.95652173913044,430.0,52.21762003287046,23,2025-03-04,2025-03-31,28,0.8214285714285714,138504.4642857143,10625.0
39972515,341.34066666666666,323.0,50.86630171891096,150,2025-02-08,2025-04-20,72,1.0,124589.34333333334,51201.1
40023421,479.1438053097345,500.0,85.6074912694868,226,2025-01-12,2025-04-20,99,1.0,174887.48893805308,108286.5
40039627,337.2908577669903,323.0,119.82229246051945,206,2025-01-07,2025-04-20,104,1.0,123111.16308495146,69481.9167
40191152,1999.7543855263157,2500.0,639.5885604988798,76,2025-01-22,2025-04-07,76,1.0,729910.3507171052,151981.3333
40209404,347.0298913043478,311.0,113.59082775826485,184,2025-01-14,2025-04-20,97,1.0,126665.91032608695,63853.5
40236441,237.25531914893617,193.0,55.35280837504657,47,2025-01-14,2025-03-31,77,0.6103896103896104,52858.63636363637,11151.0
40246675,357.18095238095236,350.0,118.19776195756228,105,2025-02-25,2025-04-20,55,1.0,130371.04761904762,37504.0
40250642,983.4350563380281,900.0,144.51927290953452,213,2025-01-18,2025-03-31,73,1.0,358953.79556338023,209471.667
40289385,2586.3951612903224,2500.0,332.19196426726523,62,2025-02-01,2025-04-20,79,0.7848101265822784,740887.6265822784,160356.5
40320100,783.2199986666667,760.8333,38.46698462903838,75,2025-02-03,2025-04-19,76,0.9868421052631579,282113.7824144737,58741.4999
40342798,656.1111111111111,700.0,89.54720291772153,216,2025-01-30,2025-04-20,81,1.0,239480.55555555553,141720.0
40351988,364.72340425531917,333.0,79.80969386009792,141,2025-02-15,2025-04-14,59,1.0,133124.0425531915,51426.0
40371384,597.9007762711864,601.0,205.2013669498801,236,2025-01-06,2025-04-20,105,1.0,218233.78333898302,141104.5832
40391575,10000.0,10000.0,0.0,7,2025-04-14,2025-04-20,7,1.0,3650000.0,70000.0
40400432,586.53125,500.0,97.61228272146512,64,2025-01-11,2025-04-07,87,0.735632183908046,157487.01149425286,37538.0
40449599,590.4106145251396,537.0,118.22124280240543,179,2025-01-28,2025-04-20,83,1.0,215499.87430167597,105683.5
40532740,309.625,330.0,46.05442015034621,40,2025-02-23,2025-04-16,53,0.7547169811320755,85292.9245283019,12385.0
40560834,718.397492920354,736.0,230.65414374306098,226,2025-01-16,2025-04-20,95,1.0,262215.08491592924,162357.8334
40576710,541.5254237288135,500.0,85.17352590390728,59,2025-01-22,2025-04-17,86,0.686046511627907,135601.74418604648,31949.999999999996
40777141,1545.2727272727273,1508.0,71.45973346223386,22,2025-01-29,2025-02-27,30,0.7333333333333333,413617.99999999994,33996.0
40794806,700.0096153846154,709.0,25.7164955043575,52,2025-01-13,2025-03-05,52,1.0,255503.5096153846,36400.5
40892344,424.39054054054054,419.0,50.58350318299086,148,2025-01-27,2025-04-20,84,1.0,154902.5472972973,62809.8
40899047,297.4864864864865,290.0,18.400817647324534,37,2025-02-24,2025-04-07,43,0.8604651162790697,93431.51162790698,11007.000000000002
40910065,604.7113636363637,650.0,163.9703445516048,88,2025-01-22,2025-04-19,88,1.0,220719.64772727274,53214.600000000006
40960741,288.04,275.0,53.72991516635573,75,2025-01-17,2025-04-06,80,0.9375,98563.6875,21603.0
40971559,751.4883720930233,800.0,87.12084159184688,86,2025-01-29,2025-03-12,43,1.0,274293.25581395347,64628.0
41141790,729.1695652173912,723.0,64.64008568797975,69,2025-01-31,2025-03-10,39,1.0,266146.8913043478,50312.7
41147466,537.8225314814815,540.0,28.248840595716064,108,2025-03-07,2025-04-20,45,1.0,196305.22399074075,58084.8334
41193865,410.9046052631579,400.0,24.034845258460013,152,2025-01-15,2025-04-20,96,1.0,149980.18092105264,62457.5
41227471,685.1521739130435,610.0,174.0446367743384,207,2025-01-11,2025-04-20,100,1.0,250080.54347826086,141826.5
41260111,1833.6403688073394,1763.0,187.12915894553367,218,2025-01-12,2025-04-20,99,1.0,669278.7346146789,399733.6004
41270247,603.421985106383,600.0,9.548175684459052,47,2025-02-22,2025-04-20,58,0.8103448275862069,178477.6578362069,28360.8333
41285546,647.6923076923077,850.0,287.17938893410656,234,2025-01-12,2025-04-19,98,1.0,236407.6923076923,151560.0
41404141,703.0533333333334,690.0,32.04713094219226,165,2025-02-12,2025-04-20,68,1.0,256614.4666666667,116003.80000000002
41473656,724.3479896551725,700.0,58.74098208704395,58,2025-03-10,2025-04-12,34,1.0,264387.016224138,42012.1834
41478160,488.51724137931035,400.0,100.11872262813613,29,2025-01-27,2025-03-05,38,0.7631578947368421,136077.76315789475,14167.0
41493620,763.371187890625,750.0,32.52379099861063,256,2025-01-13,2025-04-20,98,1.0,278630.4835800781,195423.0241
41532894,861.2321850574713,950.0,274.880060730523,174,2025-01-22,2025-04-11,80,1.0,314349.747545977,149854.4002
41533462,620.4507042253521,750.0,212.1355893043338,71,2025-01-12,2025-04-07,86,0.8255813953488372,186964.88372093023,44052.0
41590719,420.3419540229885,400.0,101.61268706161782,174,2025-01-14,2025-04-20,97,1.0,153424.8132183908,73139.5
41634696,502.6666666666667,500.0,15.107114204850426,84,2025-01-07,2025-04-06,90,0.9333333333333333,171241.77777777778,42224.0
41664387,180.64444444444445,180.0,4.3230647564995905,45,2025-01-28,2025-04-07,70,0.6428571428571429,42386.92857142857,8129.0
41676390,607.9814810699588,600.0,20.393943395320605,243,2025-01-21,2025-04-20,90,1.0,221913.24059053496,147739.4999
41682475,469.7674418604651,400.0,128.23877231263756,43,2025-01-27,2025-04-20,84,0.5119047619047619,87773.80952380951,20200.0
41686810,95.42372881355932,100.0,4.947939866384668,59,2025-02-13,2025-04-20,67,0.8805970149253731,30670.895522388062,5630.0
41702158,1286.1386138613861,1200.0,150.51890444080243,101,2025-02-08,2025-04-17,69,1.0,469440.59405940596,129900.0
41761142,395.1862745098039,277.0,179.37508300710303,102,2025-01-16,2025-04-17,92,1.0,144242.99019607843,40309.0
41762297,1664.3,1651.25,87.01180430292388,160,2025-01-14,2025-04-19,96,1.0,607469.5,266288.0
41769298,1096.321052631579,1100.0,95.35373895803797,190,2025-01-07,2025-03-31,84,1.0,400157.18421052635,208301.00000000003
41786765,250.0,250.0,0.0,13,2025-03-29,2025-04-10,13,1.0,91250.0,3250.0
41883230,535.4716981132076,470.0,166.69370849804196,53,2025-02-04,2025-04-20,76,0.6973684210526315,136298.68421052632,28380.000000000004
41888100,552.9491448717949,531.0,210.698721004619,78,2025-01-29,2025-04-16,78,1.0,201826.43787820515,43130.0333
42003334,655.0651145348837,500.0,239.27049386260023,172,2025-01-30,2025-04-16,77,1.0,239098.76680523256,112671.1997
42013117,569.0064076923077,590.0,115.6909211590639,26,2025-01-29,2025-03-12,43,0.6046511627906976,125578.39090697674,14794.1666
42138941,1182.608695652174,1200.0,56.767124234559304,69,2025-01-27,2025-04-05,69,1.0,431652.1739130435,81600.0
42180312,194.86666666666667,200.0,20.30401702483114,60,2025-01-27,2025-04-07,71,0.8450704225352113,60106.76056338029,11692.0
42270655,517.2512872972973,490.0,137.8555147391599,74,2025-02-02,2025-04-16,74,1.0,188796.7198635135,38276.595259999995
42335961,612.3823529411765,500.0,207.03137689030737,204,2025-01-08,2025-04-17,100,1.0,223519.5588235294,124926.0
42362925,1104.5186170212767,999.0,362.5809936059533,188,2025-01-07,2025-04-17,101,1.0,403149.295212766,207649.5
42515348,840.4761904761905,900.0,107.33469768527296,63,2025-02-18,2025-04-07,49,1.0,306773.8095238095,52950.0
42588365,427.79402509433964,390.0,51.897987434637564,106,2025-03-07,2025-04-18,43,1.0,156144.81915943397,45346.16666
42625075,1072.702302631579,1000.0,102.70938770374087,152,2025-01-06,2025-04-20,105,1.0,391536.3404605263,163050.75
42704327,1290.8878053658536,1394.0,550.0854363102501,205,2025-01-16,2025-04-20,95,1.0,471174.0489585366,264632.0001
42709234,695.8037829787235,420.0,299.54319806506584,141,2025-01-14,2025-04-20,97,1.0,253968.38078723405,98108.3334
42735835,249.0,200.0,86.70531990598961,33,2025-01-28,2025-04-06,69,0.4782608695652174,43466.739130434784,8217.0
42788291,632.5925925925926,700.0,123.73793343397223,54,2025-01-28,2025-04-02,65,0.8307692307692308,191821.53846153847,34160.0
42841323,484.92452830188677,500.0,60.15959513487809,53,2025-01-20,2025-04-08,79,0.6708860759493671,118745.12658227848,25701.0
43300431,2417.0454545454545,2500.0,339.10686984268494,88,2025-01-09,2025-04-06,88,1.0,882221.5909090909,212700.0
43379132,440.3207547169811,390.0,135.7599371040528,53,2025-01-29,2025-04-16,78,0.6794871794871795,109205.19230769231,23337.0
43499385,595.5942028985507,585.0,75.35939748583995,69,2025-01-28,2025-04-20,83,0.8313253012048193,180723.3734939759,41096.0
43712530,667.6666666666666,701.0,47.51909633114916,63,2025-02-08,2025-02-28,21,1.0,243698.3333333333,42063.0
43754654,906.1732456140351,897.0,175.87168563951363,228,2025-01-23,2025-04-19,87,1.0,330753.2346491228,206607.5
44075219,2541.134090909091,2591.6191,478.79603523610876,22,2025-01-10,2025-01-23,14,1.0,927513.9431818182,55904.95
44153810,188.375,199.0,13.472785808688887,48,2025-03-04,2025-04-20,48,1.0,68756.875,9042.0
44192417,339.7692307692308,310.0,99.68779198299734,39,2025-01-14,2025-04-07,84,0.4642857142857143,57578.75,13251.0
44369632,723.0,705.0,32.337505867247785,15,2025-01-15,2025-02-17,34,0.4411764705882353,116424.26470588235,10845.0
44425260,496.6181818181819,450.0,93.43557370491408,66,2025-01-31,2025-04-20,80,0.825,149544.15,32776.8
44890294,1000.0,1000.0,0.0,2,2025-02-10,2025-02-11,2,1.0,365000.0,2000.0
44895797,703.9130434782609,705.0,2.1087058391832514,23,2025-01-27,2025-02-18,23,1.0,256928.26086956522,16190.0
45002455,432.5438596491228,250.0,226.09480234875548,57,2025-02-27,2025-04-17,50,1.0,157878.50877192983,24655.0
45184991,648.0,648.0,0.0,62,2025-01-29,2025-03-31,62,1.0,236520.0,40176.0
45350304,729.5034482758621,450.0,298.4747831368378,145,2025-02-01,2025-04-20,79,1.0,266268.7586206897,105778.0
45382246,648.5394736842105,850.0,260.13220083878315,38,2025-01-31,2025-04-02,62,0.6129032258064516,145084.5564516129,24644.5
45480718,343.5925925925926,450.0,141.34715349379246,27,2025-02-10,2025-04-20,70,0.38571428571428573,48372.92857142858,9277.0
45512442,676.2868852459017,790.0,243.92677280651932,61,2025-01-10,2025-04-07,88,0.6931818181818182,171108.26704545456,41253.5
45513430,782.9213483146067,780.0,97.37698821859829,89,2025-01-22,2025-04-20,89,1.0,285766.2921348314,69680.0
45531969,648.3824175824176,650.0,31.139423363699013,91,2025-02-16,2025-04-20,64,1.0,236659.58241758242,59002.8
45621607,348.5290706989247,350.0,72.38865031752621,186,2025-02-01,2025-04-20,79,1.0,127213.11080510753,64826.40715
45687710,419.45569620253167,350.0,162.71367874700118,79,2025-02-01,2025-04-20,79,1.0,153101.32911392406,33137.0
45711835,890.625,900.0,20.15564437074638,16,2025-02-05,2025-02-23,19,0.8421052631578947,273750.0,14250.0
45726200,1491.4364406779662,1590.0,328.52775414251334,118,2025-01-11,2025-04-20,100,1.0,544374.3008474576,175989.5
45768161,696.6404761904762,850.0,222.6312403218296,210,2025-01-09,2025-04-20,102,1.0,254273.77380952382,146294.5
45780750,850.0,850.0,0.0,12,2025-04-08,2025-04-19,12,1.0,310250.0,10200.0
45803876,531.8184523809524,450.0,143.08585500663492,168,2025-01-20,2025-04-20,91,1.0,194113.73511904763,89345.5
45822839,455.3551912568306,390.0,73.12310531285642,183,2025-01-13,2025-04-20,98,1.0,166204.64480874318,83330.0
45889892,624.5264900662252,595.0,50.994592461013966,151,2025-01-13,2025-04-20,98,1.0,227952.16887417217,94303.5
45911573,1017.1358024691358,1100.0,293.5640370126431,81,2025-01-20,2025-03-10,50,1.0,371254.56790123455,82388.0
45911990,661.1181781818182,560.0,170.55623326677514,55,2025-01-27,2025-03-31,64,0.859375,207374.17854687502,36361.4998
45923984,344.44202898550725,300.0,72.7384156044535,69,2025-02-16,2025-04-17,61,1.0,125721.34057971014,23766.5
45973790,652.130632046332,657.0,78.94072539062998,259,2025-01-06,2025-04-20,105,1.0,238027.6806969112,168901.8337
46011731,607.3809523809524,590.0,225.4640716811608,21,2025-02-12,2025-04-06,54,0.3888888888888889,86214.35185185185,12755.0
46036384,341.0257352941176,330.0,33.67091941527812,136,2025-01-23,2025-04-20,88,1.0,124474.39338235294,46379.5
46048925,975.5770623893806,910.0,97.7761605857772,226,2025-01-13,2025-04-20,98,1.0,356085.6277721239,220480.4161
46048941,371.8235294117647,400.0,94.3762523379033,34,2025-02-11,2025-04-06,55,0.6181818181818182,83896.90909090909,12642.0
46072703,746.7916666666666,584.0,208.46398784675486,108,2025-02-10,2025-04-16,66,1.0,272578.9583333333,80653.5
46088002,648.0,648.0,0.0,159,2025-01-28,2025-03-31,63,1.0,236520.0,103032.0
46116173,415.9347826086956,300.0,175.34168141935547,69,2025-02-25,2025-04-20,55,1.0,151816.1956521739,28699.5
46220279,680.4665024630542,697.0,100.69147348587256,203,2025-01-27,2025-04-16,80,1.0,248370.27339901478,138134.7
46222390,483.32876712328766,500.0,45.98974970170605,73,2025-01-30,2025-04-19,80,0.9125,160978.6875,35283.0
46298558,588.592,490.0,167.84272092569856,125,2025-01-30,2025-04-20,81,1.0,214836.08,73574.0
46327705,1014.2027783333334,950.0,91.49095186890347,120,2025-02-16,2025-03-27,40,1.0,370184.0140916667,121704.3334
46372862,425.2925675675676,518.0,119.12642837403006,74,2025-01-24,2025-04-07,74,1.0,155231.78716216216,31471.65
46451253,595.7983870967741,440.0,217.87812970279953,186,2025-01-24,2025-04-20,87,1.0,217466.41129032258,110818.49999999999
46530405,1048.6708702702704,984.0,147.59576173079122,222,2025-01-24,2025-04-20,87,1.0,382764.8676486487,232804.93320000003
46550767,757.9468085106383,800.0,56.20767303134675,141,2025-01-28,2025-03-31,63,1.0,276650.585106383,106870.5
46598066,1052.6912442396313,1000.0,127.81938943313753,217,2025-01-26,2025-04-20,85,1.0,384232.3041474654,228433.99999999997
46604700,350.73754781609193,350.0,14.976092690501625,87,2025-01-22,2025-04-20,89,0.9775280898876404,125142.36888651684,30514.16666
46678933,760.2484472049689,750.0,86.26232021107917,161,2025-01-14,2025-04-20,97,1.0,277490.68322981364,122399.99999999999
46690986,1315.2637362637363,1299.0,328.022351378169,91,2025-01-06,2025-04-06,91,1.0,480071.26373626373,119689.0
46704215,583.6955909090909,580.0,18.9125868835786,11,2025-02-03,2025-02-13,11,1.0,213048.8906818182,6420.6515
46710652,595.7307692307693,550.0,158.51792529295867,182,2025-01-26,2025-04-20,85,1.0,217441.73076923078,108423.00000000001
46724379,474.3774512605042,481.0,225.435651930618,238,2025-01-10,2025-04-19,100,1.0,173147.76971008402,112901.8334
46755580,300.0,300.0,0.0,58,2025-02-02,2025-03-31,58,1.0,109500.0,17400.0
46769078,906.97165907173,988.0,335.2366104675427,237,2025-01-07,2025-04-19,103,1.0,331044.6555611814,214952.2832
46866680,504.5903614457831,450.0,106.30149075548404,166,2025-01-12,2025-04-20,99,1.0,184175.48192771085,83762.0
46878566,507.6,500.0,91.25977433394876,210,2025-01-29,2025-04-19,81,1.0,185274.0,106596.0
46896012,632.6616438356165,550.0,122.2189410571914,146,2025-02-15,2025-04-20,65,1.0,230921.5,92368.6
46936020,398.24074074074076,380.0,67.71999375485743,54,2025-01-25,2025-03-31,66,0.8181818181818182,118929.16666666667,21505.0
46990438,531.5413793103448,600.0,89.04002613843899,174,2025-01-31,2025-03-31,60,1.0,194012.60344827586,92488.2
47000276,630.6464646464647,500.0,174.21065790935543,99,2025-02-16,2025-04-20,64,1.0,230185.9595959596,62434.0
47006355,704.437037037037,592.0,177.04279912636557,135,2025-01-25,2025-04-06,72,1.0,257119.5185185185,95099.0
47052262,429.202291875,399.0,124.7854841420905,160,2025-01-24,2025-04-20,87,1.0,156658.836534375,68672.3667
47089646,526.0039215686274,472.0,94.88696376286865,51,2025-02-15,2025-04-06,51,1.0,191991.431372549,26826.2
47172145,623.4198889502762,700.0,114.37914165188599,181,2025-01-13,2025-04-19,97,1.0,227548.2594668508,112838.9999
47213093,290.5,290.5,60.96360831234925,66,2025-02-17,2025-03-31,43,1.0,106032.5,19173.0
47222306,199.68085106382978,175.0,44.94446156476791,47,2025-01-27,2025-04-06,70,0.6714285714285714,48936.07142857142,9385.0
47232230,934.2765957446809,903.0,46.17627008100478,47,2025-02-12,2025-02-27,16,1.0,341010.9574468085,43911.0
47254288,504.97687861271675,450.0,148.9432916027308,173,2025-02-08,2025-04-20,72,1.0,184316.5606936416,87361.0
47260862,513.952380952381,450.0,104.05124301112974,105,2025-01-29,2025-04-20,82,1.0,187592.61904761905,53965.0
47269826,670.8520833333333,702.0,48.86782112969929,36,2025-02-17,2025-02-28,12,1.0,244861.01041666666,24150.675
47325492,666.9348066371681,630.2857,116.85715655779948,226,2025-01-22,2025-04-20,89,1.0,243431.20442256634,150727.2663
47326216,1141.5223214285713,1100.0,49.682247661547855,224,2025-01-18,2025-04-20,93,1.0,416655.6473214285,255700.99999999997
47402735,462.0257575757576,399.0,101.0772139133948,66,2025-01-25,2025-04-20,86,0.7674418604651163,129420.93604651163,30493.7
47421617,404.18981499999995,370.0,46.75873847016182,36,2025-02-24,2025-03-31,36,1.0,147529.28247499999,14550.833339999997
47543180,237.82894736842104,250.0,35.81658914974288,38,2025-02-20,2025-04-20,60,0.6333333333333333,54978.12499999999,9037.5
47558531,783.0381753138075,895.2,176.09752477408438,239,2025-01-21,2025-04-20,90,1.0,285808.93398953974,187146.1239
47783121,458.4162568852459,450.0,83.72801309505871,122,2025-02-10,2025-04-20,70,1.0,167321.93376311476,55926.78334
47802450,209.9655172413793,210.0,31.26440554667867,29,2025-02-25,2025-04-09,44,0.6590909090909091,50511.02272727273,6089.0
47816646,528.2465753424658,590.0,148.4823952174052,73,2025-01-12,2025-04-06,85,0.8588235294117647,165589.76470588238,38562.0
47891397,514.9623020138889,548.7857,91.93265157100879,144,2025-01-13,2025-04-20,98,1.0,187961.24023506945,74154.57149
47909482,920.4424482758621,1000.0,237.8065646179582,174,2025-01-15,2025-04-17,93,1.0,335961.49362068967,160156.986
48080102,482.3478260869565,450.0,190.61649172697284,92,2025-02-23,2025-04-16,53,1.0,176056.95652173914,44376.0
48109229,549.0542635658915,480.0,151.17019330860577,129,2025-02-07,2025-04-20,73,1.0,200404.80620155038,70828.0
48158176,380.1388888095238,390.0,76.00058492943488,84,2025-02-05,2025-04-20,75,1.0,138750.69441547617,31931.66666
48243472,1369.8360225806452,1414.3125,183.19615829827723,124,2025-01-12,2025-03-31,79,1.0,499990.14824193553,169859.6668
48254075,490.5686274509804,509.0,39.972618078860336,51,2025-01-29,2025-02-28,31,1.0,179057.54901960783,25019.0
48526011,556.6820507692307,500.0,157.8153857720075,65,2025-01-18,2025-04-05,78,0.8333333333333334,169324.12377564103,36184.3333
48624860,350.0,250.0,111.00193048514328,29,2025-01-10,2025-04-17,98,0.29591836734693877,37803.57142857143,10150.0
48699117,452.39406779661016,380.0,148.9031815841277,118,2025-01-12,2025-04-15,94,1.0,165123.8347457627,53382.5
48848529,1088.4155844155844,1000.0,296.43133308462996,231,2025-01-16,2025-04-17,92,1.0,397271.6883116883,251424.0
48941838,410.51724137931035,370.0,105.74657833984374,116,2025-02-08,2025-04-15,67,1.0,149838.7931034483,47620.0
49050392,741.304347826087,700.0,49.41742484962814,138,2025-02-09,2025-03-31,51,1.0,270576.0869565217,102300.0
49123621,770.3783185840708,900.0,195.7565143375942,226,2025-01-06,2025-04-19,104,1.0,281188.08628318587,174105.5
49369605,238.34126976190475,230.0,47.60203641230895,42,2025-02-25,2025-04-07,42,1.0,86994.56346309524,10010.33333
49824103,458.4962264150943,440.0,94.83214235542547,106,2025-02-24,2025-04-20,56,1.0,167351.12264150943,48600.6
49968308,717.0204081632653,700.0,125.13184543311345,49,2025-01-26,2025-03-31,65,0.7538461538461538,197290.92307692306,35134.0
50047341,340.41610378378374,300.0,89.04076727318015,74,2025-02-17,2025-04-20,63,1.0,124251.87788108106,25190.79168
50059423,521.5606068181819,500.0,162.8519272553273,88,2025-02-15,2025-04-16,61,1.0,190369.6214886364,45897.3334
50085393,640.4761904761905,650.0,48.436651157749004,42,2025-01-28,2025-02-27,31,1.0,233773.80952380953,26900.0
50243281,513.6,467.0,94.56065591491434,35,2025-01-27,2025-04-06,70,0.5,93732.0,17976.0
50535771,630.6818181818181,650.0,265.718838355662,44,2025-01-11,2025-04-06,86,0.5116279069767442,117776.16279069766,27749.999999999996
50561328,886.25,700.0,439.7304048475252,20,2025-02-09,2025-03-07,27,0.7407407407407407,239615.74074074073,17725.0
50958684,1019.9251358288769,920.0,148.07858557443518,187,2025-01-12,2025-04-20,99,1.0,372272.6745775401,190726.0004
51301217,523.5373134328358,399.0,161.35245895509254,67,2025-01-21,2025-04-07,77,0.8701298701298701,166274.0909090909,35077.0
51403736,165.8909090909091,160.0,14.414078415412362,55,2025-01-19,2025-04-06,78,0.7051282051282052,42695.64102564103,9124.0
51405106,894.0846153846154,1000.0,186.13181545885996,195,2025-02-01,2025-04-20,79,1.0,326340.8846153846,174346.5
51453135,659.2433862433862,680.0,184.1227158462531,189,2025-01-12,2025-04-20,99,1.0,240623.83597883597,124597.0
51507847,437.5,400.0,67.08203932499369,16,2025-02-19,2025-04-07,48,0.3333333333333333,53229.166666666664,7000.0
51669111,733.9916162601626,800.0,125.42726564159958,246,2025-01-08,2025-04-19,102,1.0,267906.93993495934,180561.9376
51683537,441.6506849315069,400.0,49.14658381732389,73,2025-02-23,2025-04-12,49,1.0,161202.5,32240.5
51785337,319.63806127659575,317.0,25.54973823146578,141,2025-02-12,2025-04-20,68,1.0,116667.89236595745,45068.96664
51825638,658.4461538461538,650.0,31.962138088890768,195,2025-01-27,2025-04-20,84,1.0,240332.84615384616,128397.0
51861410,700.0,700.0,0.0,18,2025-01-30,2025-02-27,29,0.6206896551724138,158586.20689655174,12600.0
51866473,543.0496916666666,450.0,168.3271666927521,108,2025-02-18,2025-04-20,62,1.0,198213.1374583333,58649.36669999999
51983017,635.9827586206897,549.0,125.18233007715908,29,2025-02-26,2025-04-07,41,0.7073170731707317,164192.13414634144,18443.5
51990592,954.881665,959.125,283.9140313720984,60,2025-01-16,2025-04-07,82,0.7317073170731707,255023.27394512197,57292.8999
52025452,442.8237173076923,400.0,134.47980651371913,52,2025-01-28,2025-04-07,70,0.7428571428571429,120068.48792142858,23026.8333
52059007,922.6408023715414,1000.0,123.20560013056868,253,2025-01-06,2025-04-20,105,1.0,336763.89286561264,233428.123
52172003,317.0,317.0,0.0,99,2025-03-10,2025-04-20,42,1.0,115705.0,31383.0
52214716,1555.8582908212559,1657.0,309.1134245883287,207,2025-01-18,2025-04-20,93,1.0,567888.2761497584,322062.6662
52266549,661.4611111111111,700.0,60.79660787811119,180,2025-01-26,2025-04-20,85,1.0,241433.30555555556,119063.0
52346232,763.9527027027027,890.0,261.1365877766631,148,2025-01-14,2025-04-16,93,1.0,278842.7364864865,113065.0
52348108,553.4246575342465,400.0,195.84729863738647,73,2025-03-09,2025-04-20,43,1.0,201999.99999999997,40400.0
52354467,584.009375,450.0,160.02029619574975,160,2025-02-01,2025-04-20,79,1.0,213163.421875,93441.5
52358821,690.8214285714286,600.0,141.79657588557757,84,2025-01-13,2025-04-06,84,1.0,252149.82142857142,58029.0
52365560,324.53333333333336,300.0,35.859837254621326,75,2025-02-05,2025-04-20,75,1.0,118454.66666666667,24340.000000000004
52472131,701.1494252873563,600.0,174.8715494521776,87,2025-01-10,2025-04-06,87,1.0,255919.54022988505,61000.0
52474050,780.0,780.0,225.17717891642997,22,2025-01-29,2025-04-19,81,0.2716049382716049,77325.92592592593,17160.0
52530322,480.521582733813,450.0,39.46748090423403,139,2025-01-08,2025-04-20,103,1.0,175390.37769784173,66792.5
52536443,390.2631578947368,400.0,47.844728711048774,38,2025-03-03,2025-04-20,49,0.7755102040816326,110468.36734693876,14830.0
52596621,1074.6828287878786,1186.6666,225.40619356824575,264,2025-01-07,2025-04-20,104,1.0,392259.2325075757,283716.2668
52619006,507.4166677777778,480.0,97.79007707385455,144,2025-01-11,2025-04-19,99,1.0,185207.08373888888,73068.00016
52627650,356.9583333333333,350.0,10.566796911538379,12,2025-01-21,2025-02-01,12,1.0,130289.79166666666,4283.5
52646204,987.4198830409356,899.0,224.71478252374078,171,2025-02-01,2025-04-20,79,1.0,360408.2573099415,168848.8
52650644,680.8531746031746,600.0,90.30900436745644,126,2025-01-15,2025-04-20,96,1.0,248511.40873015873,85787.5
52652931,437.0652173913044,390.0,88.93553274989274,46,2025-01-15,2025-04-06,82,0.5609756097560976,89491.76829268294,20105.0
52670832,475.470833,470.0,19.74573902240527,20,2025-04-04,2025-04-16,13,1.0,173546.85404500001,9509.41666
52758042,3019.4007490636704,3000.0,242.3500608343319,267,2025-01-08,2025-04-20,103,1.0,1102081.2734082397,806180.0
52826190,321.6885963157895,300.0,38.36391599977358,38,2025-02-27,2025-04-20,53,0.7169811320754716,84185.29869622641,12224.16666
52884842,1900.0,1900.0,0.0,89,2025-01-09,2025-04-07,89,1.0,693500.0,169100.0
52969803,357.8333333333333,350.0,36.34136217878512,174,2025-01-22,2025-04-20,89,1.0,130609.16666666666,62263.0
53008127,329.79411764705884,300.0,104.83970958507255,136,2025-01-19,2025-04-20,92,1.0,120374.85294117648,44852.0
53077335,1000.0,1000.0,0.0,11,2025-04-09,2025-04-19,11,1.0,365000.0,11000.0
53113087,553.0013241269842,650.0,158.609946512518,126,2025-01-30,2025-04-20,81,1.0,201845.48330634923,69678.16684
53133732,793.5741626794259,673.0,157.63285644848318,209,2025-01-29,2025-04-20,82,1.0,289654.56937799044,165857.0
53143021,639.6530612244898,600.0,121.4155315127229,49,2025-01-30,2025-04-06,67,0.7313432835820896,170749.1791044776,31343.0
53154219,628.7448380530974,578.0,83.61125073182203,226,2025-01-24,2025-04-20,87,1.0,229491.86588938054,142096.3334
53175731,1083.1635218867925,1199.0,241.29033436218143,265,2025-01-10,2025-04-20,101,1.0,395354.6854886793,287038.3333
53190433,794.7368421052631,800.0,85.4708322054649,76,2025-01-31,2025-04-19,79,0.9620253164556962,279063.29113924055,60400.0
53195241,1851.8170368888889,1990.0,211.36430786099137,225,2025-01-10,2025-04-20,101,1.0,675913.2184644444,416658.8333
53240300,1003.719212315271,990.0,47.062740748499664,203,2025-01-07,2025-04-20,104,1.0,366357.5124950739,203755.0001
53280496,383.65846983606554,380.0,18.952094458366204,61,2025-03-09,2025-04-20,43,1.0,140035.34149016393,23403.16666
53314692,665.881851369863,520.0,173.6628334753445,146,2025-02-17,2025-04-20,63,1.0,243046.87575,97218.7503
53325047,478.9624060150376,450.0,105.83825968121856,133,2025-01-24,2025-04-20,87,1.0,174821.2781954887,63702.0
53337464,656.4424242424243,550.0,147.12220536397749,165,2025-01-22,2025-04-20,89,1.0,239601.48484848486,108313.00000000001
53340772,519.0382352941176,425.0,169.36828331572917,170,2025-02-11,2025-04-20,69,1.0,189448.95588235292,88236.5
53365226,347.8703703703704,405.0,76.88113744085648,54,2025-01-08,2025-04-06,89,0.6067415730337079,77039.60674157304,18785.0
53445765,391.4663120567376,375.0,68.2959780855872,141,2025-02-10,2025-04-20,70,1.0,142885.20390070922,55196.75
53448627,525.9509817647058,475.0,100.95258838968596,68,2025-01-22,2025-03-09,47,1.0,191972.10834411762,35764.66675999999
53458717,392.48177078125,380.0,14.62011260329698,128,2025-02-21,2025-04-15,54,1.0,143255.84633515627,50237.66666
53474066,883.370786516854,850.0,76.52571699515045,89,2025-01-21,2025-04-20,90,0.9888888888888889,318847.7777777778,78620.0
53492577,292.5,300.0,13.228756555322946,28,2025-03-04,2025-04-07,35,0.8,85410.0,8190.0
53581602,528.1256830601093,500.0,77.62192144236377,183,2025-02-09,2025-04-19,70,1.0,192765.87431693988,96647.0
53605382,712.8205128205128,700.0,167.299742315036,39,2025-01-21,2025-04-07,77,0.5064935064935064,131779.22077922078,27800.0
53643568,711.2868852459017,769.0,125.83330438243793,61,2025-01-15,2025-03-06,51,1.0,259619.7131147541,43388.5
53645678,734.4495412844037,770.0,116.43099102508717,109,2025-02-19,2025-04-20,61,1.0,268074.08256880735,80055.0
53656846,302.5581395348837,400.0,125.90799784074791,43,2025-01-07,2025-04-06,90,0.4777777777777778,52762.777777777774,13010.0
53669499,721.0,810.0,126.22207161838357,177,2025-01-20,2025-03-19,59,1.0,263165.0,127617.0
53671997,451.6521739130435,300.0,213.49698926888283,23,2025-03-01,2025-04-07,38,0.6052631578947368,99779.47368421052,10388.0
53717416,687.8403550561798,644.0,197.40641392207402,178,2025-01-21,2025-04-20,90,1.0,251061.7295955056,122435.5832
53733977,419.6224489795918,350.0,126.13241817046202,98,2025-01-16,2025-03-31,75,1.0,153162.193877551,41123.0
53738511,466.0,466.0,0.0,192,2025-01-27,2025-03-31,64,1.0,170090.0,89472.0
53794321,739.3047635838151,749.0,124.21238168454936,173,2025-01-11,2025-04-07,87,1.0,269846.2387080925,127899.7241
53796581,1116.551724137931,1000.0,151.8141953483135,58,2025-01-06,2025-04-06,91,0.6373626373626373,259751.64835164833,64759.99999999999
53803935,642.549644680851,604.3333,116.61937383871069,47,2025-01-22,2025-03-09,47,1.0,234530.6203085106,30199.833299999995
53815397,246.11111111111111,180.0,81.75548490116184,72,2025-01-22,2025-04-07,76,0.9473684210526315,85102.63157894737,17720.0
53825192,929.1208737864077,633.0,431.1644312677073,103,2025-01-18,2025-04-20,93,1.0,339129.11893203884,95699.45
53893648,632.4890510948906,550.0,179.80705004778616,137,2025-02-17,2025-04-20,63,1.0,230858.50364963507,86651.0
53899162,298.2083333333333,290.0,25.006302022591626,72,2025-01-11,2025-04-07,87,0.8275862068965517,90079.48275862068,21471.0
53903158,1167.8983050847457,1090.0,112.67920498364948,177,2025-01-16,2025-04-19,94,1.0,426282.8813559322,206718.0
53914255,574.5467833333333,390.0,241.23935209074466,114,2025-02-11,2025-04-20,69,1.0,209709.57591666665,65498.3333
53915734,503.88439306358384,450.0,115.35222066846794,173,2025-01-21,2025-03-31,70,1.0,183917.8034682081,87172.0
53918137,434.1505387096774,415.5,105.48406641699668,62,2025-01-19,2025-04-07,79,0.7848101265822784,124364.8948227848,26917.3334
53936201,772.4493460784314,725.5,116.80462284334887,102,2025-02-15,2025-04-20,65,1.0,281944.01131862745,78789.8333
53972959,931.029939520958,899.0,136.474437943081,167,2025-01-28,2025-04-20,83,1.0,339825.9279251497,155481.9999
53973724,596.0146748427672,589.0,79.14045377105892,159,2025-01-30,2025-04-20,81,1.0,217545.35631761004,94766.3333
53986731,318.87407288888886,300.5,27.391632946429976,45,2025-03-06,2025-03-30,25,1.0,116389.03660444444,14349.333279999999
54005716,800.0,800.0,0.0,43,2025-02-23,2025-04-06,43,1.0,292000.0,34400.0
54020562,365.51724137931035,350.0,23.54118077153792,29,2025-01-20,2025-03-05,45,0.6444444444444445,85977.7777777778,10600.0
54145466,2000.0,2000.0,0.0,90,2025-01-06,2025-04-05,90,1.0,730000.0,180000.0
54167570,1402.4365482233502,1400.0,11.873151167095154,197,2025-01-26,2025-04-20,85,1.0,511889.3401015228,276280.0
54237040,696.0707075757576,700.0,20.419765121690784,66,2025-01-29,2025-04-17,79,0.8354430379746836,212257.51070253167,45940.6667
54245203,591.5869565217391,578.0,66.79830244638458,69,2025-02-02,2025-03-09,36,1.0,215929.23913043478,40819.5
54246694,752.5641025641025,800.0,127.84885017571034,234,2025-01-22,2025-04-20,89,1.0,274685.89743589744,176100.0
54287612,426.37500044117644,399.0,147.59513579881,136,2025-01-28,2025-04-20,83,1.0,155626.8751610294,57987.00006
54365625,670.8024691358024,700.0,100.35392615053563,81,2025-01-26,2025-04-20,85,0.9529411764705882,233320.88235294115,54335.0
525472560929976068,1055.7986115740741,1090.0,60.25727887087992,216,2025-01-09,2025-04-20,102,1.0,385366.49322453706,228052.5001
543584528464360785,375.4916666666667,350.0,60.20174357423988,60,2025-02-20,2025-04-20,60,1.0,137054.45833333334,22529.5
549056203343531816,554.4622093023256,650.0,223.42410054002775,86,2025-02-01,2025-04-20,79,1.0,202378.70639534885,47683.75
552912581186899747,1260.0,1300.0,108.16653826391968,49,2025-02-12,2025-04-07,55,0.8909090909090909,409729.0909090909,61740.0
553578003486746447,750.0,650.0,126.77313820927748,15,2025-02-18,2025-03-04,15,1.0,273750.0,11250.0
557386903732882183,1129.4528301886792,1000.0,236.628771743497,53,2025-02-04,2025-04-06,62,0.8548387096774194,352407.5,59860.99999999999
572368704250611987,506.6388888888889,550.0,60.26520094087835,36,2025-02-23,2025-04-07,44,0.8181818181818182,151300.79545454547,18239.0
573122310094338767,601.2988,550.0,64.82863177033461,111,2025-03-05,2025-04-17,44,1.0,219474.062,66744.1668
577333685681759877,546.1010638297872,498.0,97.31758728284946,94,2025-01-16,2025-04-20,95,0.9894736842105263,197228.71052631576,51333.5
577547502503396579,668.6699346405229,650.0,140.58768994407546,153,2025-01-26,2025-04-17,82,1.0,244064.52614379086,102306.5
580407424598756855,471.82768305084744,365.0,178.29810791403023,59,2025-02-28,2025-04-07,39,1.0,172217.1043135593,27837.8333
580589381711973141,404.8076923076923,350.0,80.59801935520437,52,2025-02-05,2025-04-06,61,0.8524590163934426,125954.91803278687,21050.0
599368528094352718,416.6938775510204,305.0,142.04873050025722,49,2025-02-06,2025-04-16,70,0.7,106465.28571428571,20418.0
604521043281534642,927.4074074074074,1080.0,206.33416870162142,27,2025-01-13,2025-03-14,61,0.4426229508196721,149829.50819672132,25040.0
605748852048435444,443.6163432467532,450.0,84.70757981159343,154,2025-01-26,2025-04-20,85,1.0,161919.9652850649,68316.91686
610155932497817911,518.0,518.0,0.0,195,2025-01-26,2025-03-31,65,1.0,189070.0,101010.0
612245203931813020,824.3197674418604,900.0,361.84557312236086,172,2025-01-10,2025-04-17,98,1.0,300876.7151162791,141783.0
613221032690703355,737.7751566037736,801.0,195.98420735629645,106,2025-01-23,2025-04-17,85,1.0,269287.9321603773,78204.1666
618150693526656201,300.1666666666667,249.0,106.26749334506752,48,2025-02-07,2025-04-06,59,0.8135593220338984,89134.23728813561,14408.0
618943952389206201,525.4240196078431,400.0,157.6882184812885,204,2025-01-12,2025-04-20,99,1.0,191779.76715686274,107186.49999999999
621626596784793972,524.4186046511628,500.0,72.68006622574082,43,2025-02-06,2025-03-31,54,0.7962962962962963,152421.2962962963,22550.0
622878708674009200,666.7567567567568,650.0,44.448156906119074,74,2025-01-25,2025-04-20,86,0.8604651162790697,209408.13953488372,49340.0
627388721154300829,446.556338028169,550.0,119.72219478250992,71,2025-02-01,2025-04-10,69,1.0,162993.0633802817,31705.5
628340205412932131,512.5,400.0,130.13640486415684,32,2025-01-10,2025-03-03,53,0.6037735849056604,112943.39622641509,16400.0
628897724940732017,969.0,975.0,10.897247358851684,25,2025-02-02,2025-03-09,36,0.6944444444444444,245614.5833333333,24225.0
629724091250673746,640.2770110344827,588.0,173.95049918105298,145,2025-01-13,2025-04-20,98,1.0,233701.10902758618,92840.1666
630326155301078742,366.2162162162162,350.0,104.78420553561367,37,2025-02-11,2025-04-07,56,0.6607142857142857,88316.96428571428,13550.0
633809099013662442,466.16190476190474,450.0,70.7270109170469,105,2025-02-05,2025-04-17,72,1.0,170149.09523809524,48947.0
639163267116212627,100.0,100.0,0.0,8,2025-01-20,2025-01-30,11,0.7272727272727273,26545.454545454548,800.0
639216644351145145,962.5,900.0,111.8033988749895,16,2025-03-16,2025-04-15,31,0.5161290322580645,181322.58064516127,15400.0
645092818132652927,359.13793103448273,320.0,90.37687920904605,29,2025-02-21,2025-04-07,46,0.6304347826086957,82640.76086956522,10415.0
667324814851452653,884.7117647058824,875.0,96.81107314993132,170,2025-01-31,2025-04-20,80,1.0,322919.79411764705,150401.0
668715506986619718,641.1356920353982,565.0,180.09769927621315,113,2025-01-13,2025-03-31,78,1.0,234014.52759292032,72448.3332
670778657683556451,905.8444128712871,744.0,190.2139227680685,101,2025-01-22,2025-03-31,69,1.0,330633.2106980198,91490.2857
673825002694927178,796.0,784.0,186.82867587295146,110,2025-01-27,2025-03-31,64,1.0,290540.0,87560.0
673826204715344716,947.6054717557251,1058.0,189.94169548997777,131,2025-01-21,2025-03-31,70,1.0,345875.99719083967,124136.3168
673826267743797671,732.5972222222222,704.0,37.56083523765145,81,2025-03-05,2025-03-31,27,1.0,267397.98611111107,59340.37499999999
674566887638611404,533.495145631068,600.0,151.8494399962821,103,2025-01-20,2025-04-17,88,1.0,194725.7281553398,54950.00000000001
675242237586865339,482.55752964467,465.0,104.33465400424917,197,2025-01-06,2025-04-20,105,1.0,176133.49832030456,95063.83334
676838365540390245,250.0,250.0,0.0,20,2025-04-01,2025-04-20,20,1.0,91250.0,5000.0
678242953903453952,358.2261904761905,350.0,54.125940440526584,126,2025-01-24,2025-04-16,83,1.0,130752.55952380953,45136.5
679166677359467385,1144.2380947619047,937.0,224.96249108577913,210,2025-01-20,2025-04-20,91,1.0,417646.9045880952,240289.9999
681139047695558927,229.46808510638297,219.0,56.201443221384544,47,2025-01-17,2025-03-17,60,0.7833333333333333,65608.75,10785.0
681894806923375678,770.667446728972,648.0,237.90004237619098,107,2025-01-29,2025-03-31,62,1.0,281293.6180560748,82461.4168
684782448665574114,615.1027397260274,650.0,60.74954002403473,146,2025-02-12,2025-04-20,68,1.0,224512.5,89805.0
686743101124580615,818.2037037037037,648.0,204.14640576251884,27,2025-02-14,2025-03-31,46,0.5869565217391305,175291.25000000003,22091.5
687757820659405525,574.4518828451883,557.5,41.89917352691239,239,2025-01-11,2025-04-20,100,1.0,209674.93723849373,137294.0
693024169316156606,602.55468703125,562.0,120.53153938702111,128,2025-01-23,2025-03-31,68,1.0,219932.46076640624,77126.99994
694313018923554703,1258.732803174603,1040.0,736.4225401848662,63,2025-01-31,2025-03-31,60,1.0,459437.47315873014,79300.1666
694947516825280143,330.9791666666667,330.0,6.783865662978103,48,2025-02-07,2025-04-16,69,0.6956521739130435,84039.92753623189,15887.0
703527486074504582,344.85115606936415,300.0,63.356875178441854,173,2025-01-27,2025-04-20,84,1.0,125870.67196531792,59659.25
703538637731385185,407.10558471204183,404.5,11.657692950875754,191,2025-01-28,2025-04-20,83,1.0,148593.53841989528,77757.16668
703678241822238330,321.23333333333335,300.0,40.71411976234533,60,2025-02-15,2025-04-20,65,0.9230769230769231,108230.92307692309,19274.0
705946468067026302,486.41509433962267,430.0,160.84466725977828,159,2025-01-28,2025-04-17,80,1.0,177541.5094339623,77340.0
708045427082372124,1252.904761904762,1250.0,26.51630440963971,252,2025-01-13,2025-04-20,98,1.0,457310.2380952381,315732.0
711032530664362412,171.9857142857143,149.0,27.63801881527715,35,2025-01-27,2025-04-06,70,0.5,31387.39285714286,6019.5
716703779507124462,766.8055555555555,790.0,216.71573117269352,72,2025-01-13,2025-03-31,78,0.9230769230769231,258354.48717948716,55210.0
718922870189236806,2182.7586206896553,2100.0,497.18418943747696,29,2025-01-29,2025-03-31,62,0.46774193548387094,372653.22580645164,63300.00000000001
719355891470345652,555.7077304347825,500.0,102.47967805056959,207,2025-01-28,2025-04-20,83,1.0,202833.32160869564,115031.50019999998
721143022842232721,501.94350338983054,500.0,10.46526254571178,59,2025-02-02,2025-04-06,64,0.921875,168896.14602343753,29614.6667
721635424816164605,751.664334965035,740.0,18.20287123883983,143,2025-01-29,2025-04-20,82,1.0,274357.48226223775,107487.9999
725205326528652381,600.0,600.0,0.0,5,2025-01-27,2025-01-31,5,1.0,219000.0,3000.0
725867973010290782,499.6360946745562,490.0,71.21448027841191,169,2025-01-09,2025-04-20,102,1.0,182367.17455621302,84438.5
728531681504670920,151.86936918918917,133.5,43.71509418783767,37,2025-01-26,2025-04-20,85,0.43529411764705883,24129.362716470587,5619.166659999999
730437501239201082,686.4514432,774.0,178.93289545911782,225,2025-01-27,2025-04-20,84,1.0,250554.77676799998,154451.57472
730503580289648392,787.5,775.0,41.24789556921526,10,2025-01-28,2025-03-04,36,0.2777777777777778,79843.75,7875.0
730553947980169722,850.2008620903955,900.0,88.88465618076418,177,2025-02-01,2025-04-20,79,1.0,310323.31466299435,150485.55259
731853350375474350,705.5147058823529,700.0,101.09210361619364,34,2025-01-25,2025-04-20,86,0.3953488372093023,101807.41279069766,23987.5
732572931172602640,291.42857142857144,280.0,19.744917096611818,63,2025-02-07,2025-04-20,73,0.863013698630137,91800.00000000001,18360.0
734707774394612996,1417.877358490566,1400.0,193.70588593724867,53,2025-01-29,2025-04-06,68,0.7794117647058824,403365.25735294115,75147.5
734774611454860165,615.9035947712418,625.0,135.17522216878982,153,2025-02-10,2025-04-20,70,1.0,224804.81209150326,94233.25
734843676958831992,453.125,350.0,195.0754609987401,32,2025-01-24,2025-04-07,74,0.43243243243243246,71520.27027027028,14500.0
734991572208138176,277.9759036144578,280.0,104.61613641140231,83,2025-01-11,2025-04-05,85,0.9764705882352941,99073.88235294117,23072.0
735732850757918650,1422.0852709302326,950.0,749.9416830812061,86,2025-02-26,2025-04-16,50,1.0,519061.1238895349,122299.3333
739015384619300207,1605.9092505747126,1604.0,4.8577435674535465,174,2025-02-02,2025-03-31,58,1.0,586156.8764597701,279428.2096
739663897909156017,720.8333333333334,800.0,90.28515077632765,72,2025-01-12,2025-04-07,86,0.8372093023255814,220273.25581395352,51900.0
742262889162653132,177.01785714285714,180.0,6.425775005054597,56,2025-01-12,2025-03-31,79,0.7088607594936709,45800.56962025316,9913.0
744210382596366805,508.37008031496066,500.0,61.63547729180214,127,2025-01-31,2025-04-20,80,1.0,185555.07931496063,64563.0002
745632820094188215,726.7142857142857,800.0,86.1758998461038,28,2025-02-01,2025-03-09,37,0.7567567567567568,200730.27027027027,20348.0
746451645715267085,991.4077868852459,900.0,184.94412236106618,244,2025-01-20,2025-04-20,91,1.0,361863.8422131147,241903.5
748336742434217963,457.8095238095238,450.0,31.657449979335652,105,2025-01-21,2025-04-20,90,1.0,167100.47619047618,48070.0
753461577197808016,875.6317073170732,980.0,191.65024367707582,205,2025-01-11,2025-03-31,80,1.0,319605.5731707317,179504.5
753566944813003124,571.0572864321608,550.0,36.57231020057995,199,2025-01-15,2025-04-20,96,1.0,208435.9095477387,113640.40000000001
754141022905987471,749.0305169014084,800.0,143.75671877404648,213,2025-01-31,2025-04-20,80,1.0,273396.1386690141,159543.5001
754375397775403281,838.5926076612902,890.0,53.372965100597725,248,2025-01-07,2025-04-20,104,1.0,306086.30179637094,207970.9667
754796838418506202,604.6638418079096,675.0,201.7592758455039,177,2025-01-24,2025-04-20,87,1.0,220702.30225988702,107025.50000000001
756997201912524343,947.4778225806451,850.0,240.68141817084583,248,2025-01-14,2025-04-20,97,1.0,345829.40524193546,234974.5
758758164947604865,153.90243902439025,170.0,35.82660910417903,82,2025-01-20,2025-04-20,91,0.9010989010989011,50618.681318681316,12620.0
760805979001764233,650.0,650.0,0.0,3,2025-01-24,2025-01-26,3,1.0,237250.0,1950.0
762112217871324562,567.9632360294117,600.0,101.39713561044836,136,2025-01-13,2025-04-17,95,1.0,207306.5811507353,77243.0001
762192750283483456,395.56965164179104,440.0,115.01132696358485,67,2025-01-20,2025-03-31,71,0.9436619718309859,136248.67367464787,26503.16666
762916089194134311,1008.1481481481482,1000.0,39.6112181396363,270,2025-01-07,2025-04-20,104,1.0,367974.0740740741,272200.0
766052072199682693,626.6770840277778,550.0,107.03874569590461,144,2025-02-12,2025-04-20,68,1.0,228737.1356701389,90241.5001
766156195693050227,1837.1415094339623,1897.0,173.57021349604432,53,2025-02-10,2025-04-07,57,0.9298245614035088,623500.0438596492,97368.5
766788707373767791,490.71079545454546,520.0,119.61507815634484,88,2025-02-09,2025-04-19,70,1.0,179109.4403409091,43182.55
767407262472265686,788.1208984455959,800.0,150.20266468509635,193,2025-01-12,2025-04-17,96,1.0,287664.1279326425,152107.3334
768032727158094436,1200.0,1200.0,0.0,18,2025-03-19,2025-04-05,18,1.0,438000.0,21600.0
769009482417170004,590.4110429447853,480.0,182.50772789528162,163,2025-01-23,2025-04-20,88,1.0,215500.03067484664,96237.00000000001
769461318721075633,569.4444444444445,500.0,167.02342768852935,36,2025-02-12,2025-03-31,48,0.75,155885.41666666666,20500.0
769616108652112172,363.3333333333333,350.0,21.16404183200049,33,2025-02-25,2025-04-07,42,0.7857142857142857,104198.80952380951,11990.0
770131545986036241,971.5269487562189,900.0,145.30440439497286,201,2025-01-13,2025-04-20,98,1.0,354607.3362960199,195276.9167
771111761043546355,598.4191919191919,557.0,132.9795761592201,198,2025-02-04,2025-04-19,75,1.0,218423.00505050505,118487.0
771134836709283777,357.8,300.0,121.79502687478076,15,2025-02-23,2025-04-07,44,0.3409090909090909,44521.704545454544,5367.0
772261416620745030,835.3601895734597,825.0,21.735517958315832,211,2025-01-18,2025-04-20,93,1.0,304906.4691943128,176261.0
772706520794806760,450.0,450.0,0.0,9,2025-01-23,2025-01-31,9,1.0,164250.0,4050.0
778933432062496662,1027.6368603174603,990.0,159.56239966693457,189,2025-01-18,2025-04-20,93,1.0,375087.454015873,194223.3666
779104726998664227,412.0,400.0,24.419752749041592,38,2025-01-31,2025-04-06,66,0.5757575757575758,86582.42424242425,15656.0
780376166619260652,529.4545454545455,429.0,147.68058784203825,44,2025-02-23,2025-04-07,44,1.0,193250.90909090912,23296.0
780872235421635957,515.2386363636364,499.0,38.499092202581004,44,2025-01-15,2025-03-31,76,0.5789473684210527,108878.05921052632,22670.5
781223884036842600,364.758064516129,337.5,95.77307289251222,62,2025-02-11,2025-04-17,66,0.9393939393939394,125067.80303030304,22615.0
782548209247570691,699.9406568181819,700.0,140.35362261784962,132,2025-02-11,2025-04-20,69,1.0,255478.3397386364,92392.1667
782734966853311782,770.5404761904762,580.0,206.89944979417174,210,2025-01-21,2025-04-20,90,1.0,281247.2738095238,161813.5
783879004243392314,710.9958696601942,650.0,234.60372962982416,206,2025-01-23,2025-04-20,88,1.0,259513.49242597088,146465.14915
784598714032826222,1188.4113489361703,1200.0,68.08091358009818,141,2025-01-14,2025-04-07,84,1.0,433770.14236170216,167566.0002
784836681288428817,377.38461538461536,370.0,65.96108992895269,65,2025-01-23,2025-04-07,75,0.8666666666666667,119379.33333333331,24530.0
785658004981722606,693.0944976076555,690.75,128.73451075932786,209,2025-01-17,2025-04-20,94,1.0,252979.49162679428,144856.75
786307999394390316,591.4113924050633,550.0,79.80029849622791,158,2025-01-16,2025-04-20,95,1.0,215865.15822784812,93443.00000000001
786807324710664147,1249.6769230769232,850.0,613.7740718535796,117,2025-02-12,2025-04-17,65,1.0,456132.076923077,146212.2
787195284335262595,576.7590233121019,550.0,80.52431654618576,157,2025-02-02,2025-04-16,74,1.0,210517.0435089172,90551.16666
787606557854537606,626.1051307692308,584.6667,113.8120982946424,65,2025-01-16,2025-03-31,75,0.8666666666666667,198057.92303333333,40696.8335
787847078680683474,389.13907284768214,330.0,158.75427720159647,151,2025-01-11,2025-04-20,100,1.0,142035.761589404,58760.00000000001
790006111813482352,427.0147058823529,405.0,27.15433647623234,68,2025-01-18,2025-04-07,80,0.85,132481.3125,29037.0
790431243381422888,956.2010175572519,1000.0,188.43468097470642,262,2025-01-07,2025-04-20,104,1.0,349013.371408397,250524.6666
790518755885066166,794.5448176470588,750.0,61.44578982990993,119,2025-01-09,2025-04-20,102,1.0,290008.8584411765,94550.8333
790752171303746450,665.3333333333334,750.0,117.7044256816102,222,2025-01-07,2025-04-20,104,1.0,242846.6666666667,147704.0
791313913845076166,850.0,850.0,0.0,50,2025-02-09,2025-04-06,57,0.8771929824561403,272149.1228070175,42500.0
792096103347120988,470.65,481.75,50.29842394760402,125,2025-01-23,2025-04-06,74,1.0,171787.25,58831.25
792184367926408145,385.1383649056604,396.0,64.14289788871218,106,2025-02-17,2025-04-19,62,1.0,140575.50319056606,40824.66668
794707921952592251,152.96875,150.0,5.424928914133732,48,2025-01-28,2025-04-06,69,0.6956521739130435,38840.760869565216,7342.5
794710559970994170,506.9054375886525,500.0,46.416824371272014,141,2025-01-27,2025-04-20,84,1.0,185020.48471985816,71473.6667
794996321339600522,427.3085106382979,483.5,104.43849109123444,94,2025-01-26,2025-04-20,85,1.0,155967.60638297873,40167.0
795495744056169046,914.1633333333333,812.5,153.32468177858905,150,2025-01-20,2025-04-20,91,1.0,333669.61666666664,137124.5
795757968903961791,356.7328767123288,350.0,14.509661695044993,73,2025-01-24,2025-04-06,73,1.0,130207.50000000001,26041.5
796481545034280714,667.9336734693877,580.0,225.944446743284,196,2025-01-17,2025-04-20,94,1.0,243795.7908163265,130914.99999999999
797261187302809924,551.2338570680629,500.0,75.99890372704438,191,2025-01-11,2025-04-20,100,1.0,201200.35782984295,105285.66670000002
798475021925579344,330.8125,300.0,48.79996093210311,120,2025-02-04,2025-04-06,62,1.0,120746.5625,39697.5
798609957167332367,676.3888888888889,700.0,25.136559736124603,72,2025-01-20,2025-04-07,78,0.9230769230769231,227891.02564102568,48700.0
798631136594423222,1100.0,1100.0,0.0,56,2025-01-21,2025-04-07,77,0.7272727272727273,292000.0,61600.0
799251513158018593,550.7248347222222,500.0,110.37090586154335,144,2025-02-20,2025-04-20,60,1.0,201014.5646736111,79304.3762
800942299109284552,323.2425373134328,300.0,49.28323599262342,134,2025-02-04,2025-04-19,75,1.0,117983.52611940297,43314.5
801271167231006592,251.94650197530862,250.0,4.771575423191593,81,2025-03-12,2025-04-20,40,1.0,91960.47322098765,20407.66666
801611117719633492,478.2682926829268,400.0,115.46359464292082,164,2025-01-21,2025-04-20,90,1.0,174567.92682926828,78436.0
802047490248101970,251.5529411764706,250.0,3.5831222090542334,85,2025-03-10,2025-04-20,42,1.0,91816.82352941176,21382.0
802357806571870530,667.9078947368421,680.0,25.78367424312422,114,2025-02-09,2025-04-20,71,1.0,243786.38157894736,76141.5
802922826036667371,1210.9375,1200.0,31.45764348029479,64,2025-02-02,2025-04-06,64,1.0,441992.1875,77500.0
803403468437987911,377.24657534246575,371.0,20.29284275983764,73,2025-01-08,2025-04-05,88,0.8295454545454546,114224.26136363637,27539.0
805381324514930766,783.30729125,750.0,270.34218426676654,32,2025-02-21,2025-04-05,44,0.7272727272727273,207932.48095000003,25065.83332
805726391815686158,389.6,399.0,63.9415778123619,135,2025-01-12,2025-04-17,96,1.0,142204.0,52596.0
806702099486447309,603.508875739645,500.0,137.46812913506602,169,2025-01-31,2025-04-20,80,1.0,220280.73964497042,101993.0
807400945391416643,711.7692307692307,850.0,261.60521823883823,78,2025-01-12,2025-04-19,98,0.7959183673469388,206776.22448979592,55517.99999999999
807898347637042057,395.0,430.0,40.9878030638384,16,2025-03-23,2025-04-07,16,1.0,144175.0,6320.0
809946874989632205,380.00666666666666,370.0,19.61202977031474,75,2025-01-20,2025-04-20,91,0.8241758241758241,114315.1923076923,28500.5
811053746893495263,435.5609756097561,400.0,155.70572350682767,164,2025-01-21,2025-04-20,90,1.0,158979.75609756098,71432.0
812231708820863156,677.4065674242424,500.0,239.8099728103584,132,2025-01-31,2025-04-16,76,1.0,247253.39710984848,89417.6669
813090046454458015,388.45238095238096,390.0,20.450147884052896,84,2025-01-23,2025-04-20,88,0.9545454545454546,135340.3409090909,32630.0
815806026505024003,897.2121212121212,900.0,6.2975095940537,99,2025-01-27,2025-03-17,50,1.0,327482.42424242425,88824.0
816613605644920543,1969.5652173913043,2100.0,305.9909063724095,161,2025-01-08,2025-04-17,100,1.0,718891.304347826,317100.0
821574780923920105,611.9294117647058,600.0,30.87408692896812,85,2025-02-15,2025-04-20,65,1.0,223354.23529411762,52013.99999999999
821920276390293366,671.812,650.0,273.21216066249855,125,2025-01-09,2025-04-11,93,1.0,245211.38,83976.5
822365439954007216,723.4921052631579,730.5,222.8221493810785,190,2025-01-13,2025-04-20,98,1.0,264074.61842105264,137463.5
826063757882656916,620.9547619047619,516.0,137.1313818434959,210,2025-01-07,2025-04-19,103,1.0,226648.48809523808,130400.5
826617189908528565,477.73726861111106,400.0,161.84257671358017,144,2025-01-20,2025-04-20,91,1.0,174374.10304305554,68794.16668
828036946101813387,360.77185786885246,270.0,193.2410106167139,61,2025-03-01,2025-04-20,51,1.0,131681.72812213114,22007.08333
831740758559247685,805.1176470588235,800.0,17.36862661376704,102,2025-02-21,2025-03-31,39,1.0,293867.9411764706,82122.0
832123000813215722,518.5904977375566,490.0,74.23522779422326,221,2025-01-24,2025-04-20,87,1.0,189285.53167420815,114608.5
834645644371228115,300.0,300.0,0.0,38,2025-01-22,2025-02-28,38,1.0,109500.0,11400.0
836385234465202348,1167.754716981132,1040.0,627.9986246773043,106,2025-01-26,2025-03-31,65,1.0,426230.4716981132,123782.0
836415940545761422,521.5916666666667,490.0,102.23670157882401,60,2025-01-29,2025-04-07,69,0.8695652173913043,165548.65942028986,31295.5
837646263953285868,482.03105178571434,460.0,93.30401020766072,168,2025-01-18,2025-04-17,90,1.0,175941.33390178572,80981.2167
837846012155525926,411.3636363636364,400.0,93.54990980048375,44,2025-02-17,2025-04-05,48,0.9166666666666666,137635.41666666666,18100.0
839184834439414765,154.71428571428572,150.0,8.639912246295875,42,2025-01-31,2025-04-20,80,0.525,29647.125000000004,6498.0
840525492567265584,1269.0566037735848,1000.0,368.4066032754125,106,2025-02-16,2025-04-17,61,1.0,463205.66037735844,134520.0
841394344184198064,662.8202247191011,600.0,92.24467979211013,89,2025-01-21,2025-03-31,70,1.0,241929.38202247192,58991.0
844864653127085626,1048.6490809045226,1090.0,158.6898171209048,199,2025-01-12,2025-04-20,99,1.0,382756.91453015077,208681.1671
850675824952359571,805.128595049505,802.0,9.02479630648293,202,2025-01-10,2025-03-31,81,1.0,293871.9371930693,162635.9762
850931966820064700,812.6412221374046,720.0,187.15162541175673,131,2025-01-27,2025-04-20,84,1.0,296614.0460801527,106456.0001
856482117556875618,362.43243243243245,370.0,15.882451078226312,37,2025-03-22,2025-04-16,26,1.0,132287.83783783784,13410.0
859653300578357102,702.0,702.0,0.0,171,2025-01-28,2025-03-31,63,1.0,256230.0,120042.0
859925561562240250,792.8275862068965,704.0,173.95362045374483,29,2025-02-24,2025-03-31,36,0.8055555555555556,233113.3333333333,22992.0
863830918159371125,329.46268656716416,306.0,107.63720326172698,67,2025-01-31,2025-04-20,80,0.8375,100712.62499999999,22074.0
869504505210568410,1162.5,1250.0,128.895011736812,80,2025-01-23,2025-04-20,88,0.9090909090909091,385738.63636363635,93000.0
871084107630048364,453.93333333333334,450.0,42.66079328355358,135,2025-02-09,2025-04-20,71,1.0,165685.66666666666,61281.0
873125740517449213,488.8776683743842,446.0,159.5143454557978,203,2025-01-17,2025-04-20,94,1.0,178440.34895665024,99242.16668
873255393900331818,735.7227722772277,584.33335,318.15260710872093,202,2025-02-01,2025-04-20,79,1.0,268538.8118811881,148616.0
873260132509992833,402.7307692307692,400.0,13.92424559481106,26,2025-02-15,2025-02-27,13,1.0,146996.73076923078,10471.0
881204142086821328,584.21875,550.0,114.02208888256983,160,2025-01-28,2025-04-20,83,1.0,213239.84375,93475.0
883930877150990341,109.0,109.0,0.0,5,2025-04-02,2025-04-06,5,1.0,39785.0,545.0
892662939259281401,1500.0,1500.0,0.0,13,2025-01-11,2025-01-31,21,0.6190476190476191,338928.5714285714,19500.0
892721989592935461,378.7420634920635,350.0,80.41245510807347,126,2025-01-19,2025-04-16,88,1.0,138240.85317460317,47721.5
894985131313802009,679.443641618497,627.0,202.22558226427884,173,2025-02-07,2025-04-20,73,1.0,247996.92919075143,117543.74999999999
897144549301156856,1014.8863636363636,850.0,308.6043011583702,44,2025-01-07,2025-03-05,58,0.7586206896551724,281018.5344827586,44655.0
900757690500508426,653.2857142857143,795.0,179.08151457363064,119,2025-01-12,2025-04-17,96,1.0,238449.28571428574,77741.0
902324773092897293,1235.108695652174,1250.0,95.87879499680585,23,2025-01-09,2025-01-23,15,1.0,450814.6739130435,28407.5
904512525045117852,585.0823986915888,607.5,193.9752665511614,107,2025-01-24,2025-04-16,83,1.0,213555.0755224299,62603.81666
906701409648697471,577.4722222222222,598.0,141.3256886484204,144,2025-02-07,2025-04-20,73,1.0,210777.3611111111,83156.0
910707550951342167,2000.0,2000.0,0.0,2,2025-04-06,2025-04-07,2,1.0,730000.0,4000.0
910815231577364751,539.9087591240876,500.0,226.50608653828732,137,2025-01-13,2025-04-20,98,1.0,197066.69708029198,73967.5
911476333007658783,253.42391304347825,200.0,91.49063416175913,138,2025-01-27,2025-04-17,81,1.0,92499.72826086957,34972.5
912678193847993947,300.6363636363636,300.0,5.584068246522261,77,2025-01-08,2025-04-06,89,0.8651685393258427,94936.91011235955,23149.0
913929715874853789,974.0258795031056,899.0,175.80312526598505,161,2025-01-15,2025-04-20,96,1.0,355519.44601863355,156818.1666
914342944500490787,694.1150785714285,583.0,206.08955658560075,42,2025-02-24,2025-04-06,42,1.0,253352.0036785714,29152.8333
915332897455058900,1075.0036764705883,928.0,262.3247157934848,68,2025-01-31,2025-04-20,80,0.85,333519.890625,73100.25
916052715744473224,1174.344836734694,1150.0,70.25530905573419,147,2025-01-06,2025-02-28,54,1.0,428635.8654081633,172628.691
923133320997277084,427.07553956834533,550.0,136.6871880183588,139,2025-01-18,2025-04-16,89,1.0,155882.57194244605,59363.5
929120660817262874,745.7176470588236,699.0,129.73578799758863,255,2025-01-13,2025-04-20,98,1.0,272186.9411764706,190158.0
936216057908307884,382.29171318435755,392.0,108.05678580372117,179,2025-01-28,2025-04-20,83,1.0,139536.4753122905,68430.21666
939218400123538892,444.11764705882354,350.0,101.32807942097978,34,2025-02-22,2025-03-27,34,1.0,162102.9411764706,15100.0
939325387438995809,1394.9720670391062,1200.0,239.6799699169941,179,2025-01-10,2025-04-20,101,1.0,509164.8044692737,249700.0
939698664229028471,317.65340909090907,300.0,46.893640842473566,88,2025-01-23,2025-04-16,84,1.0,115943.49431818181,27953.499999999996
942057172413556286,100.0,100.0,0.0,39,2025-02-27,2025-04-06,39,1.0,36500.0,3900.0
944320965810800803,893.8373191304348,900.0,128.0010224114894,230,2025-01-24,2025-04-20,87,1.0,326250.6214826087,205582.5834
946451380352813662,1105.6377551020407,1100.0,20.86059016276329,49,2025-01-15,2025-04-20,96,0.5104166666666666,205982.61718749997,54176.24999999999
946609581890906389,413.45833342105266,396.16667,43.77421552238264,76,2025-02-25,2025-04-14,49,1.0,150912.29169868422,31422.83334
950059146531590785,469.05882352941177,397.0,113.92238069637331,17,2025-02-08,2025-03-10,31,0.5483870967741935,93887.41935483871,7974.0
956398979498945273,477.11764705882354,500.0,50.85843176443374,102,2025-03-07,2025-04-14,39,1.0,174147.9411764706,48666.0
956676934234107014,542.9516129032259,585.0,145.12113960857087,62,2025-01-27,2025-03-30,63,0.9841269841269841,195031.66666666666,33663.0
957349094500016515,677.6940639269407,699.0,149.13768771103437,219,2025-01-25,2025-04-20,86,1.0,247358.33333333334,148415.0
963040775940890055,714.8837204651163,644.0,271.175575619113,215,2025-01-12,2025-04-20,99,1.0,260932.55796976745,153699.9999
963916345061155113,1360.827143809524,1460.0,408.51802122762194,105,2025-02-01,2025-03-31,59,1.0,496701.9074904762,142886.8501
964579064376617710,853.2486486486487,743.0,372.8209666367018,185,2025-01-31,2025-04-20,80,1.0,311435.75675675675,157851.0
965258538716677226,624.6976744186046,590.0,49.1832275972306,86,2025-01-08,2025-04-05,88,0.9772727272727273,222832.5,53723.99999999999
965310801955633109,498.24074074074076,500.0,103.50154111467364,162,2025-02-05,2025-04-20,75,1.0,181857.87037037036,80715.0
966687088388761169,793.5741176470588,850.0,84.16754263359617,255,2025-01-14,2025-04-20,97,1.0,289654.55294117646,202361.4
968213956640500474,512.0744047321429,498.0,129.7436664432213,224,2025-01-14,2025-04-17,94,1.0,186907.15772723214,114704.66666
970445468070597218,570.0,570.0,0.0,2,2025-01-07,2025-01-08,2,1.0,208050.0,1140.0
973272705231391942,301.1111111111111,240.0,79.72173828734263,45,2025-02-15,2025-03-31,45,1.0,109905.55555555555,13549.999999999998
978095320445301654,908.1928580952382,900.0,147.52715891590157,210,2025-01-14,2025-04-20,97,1.0,331490.39320476196,190720.5002
978244263452010977,516.4404761904761,480.0,109.84158788260227,126,2025-01-13,2025-04-17,95,1.0,188500.7738095238,65071.49999999999
978410400232267791,396.317204516129,400.0,13.592777856517491,31,2025-03-01,2025-03-31,31,1.0,144655.77964838708,12285.83334
980310639590708922,664.452167264574,594.0,215.09321024003285,223,2025-01-10,2025-04-20,101,1.0,242525.0410515695,148172.8333
980365989956218871,1528.623287671233,1582.0,212.34026317874537,73,2025-01-21,2025-04-06,76,0.9605263157894737,535923.2565789474,111589.5
982642009007231841,275.12952902173913,238.0,86.73182545059989,92,2025-01-27,2025-04-07,71,1.0,100422.27809293478,25311.91667
983188724209547131,905.6380471717172,1000.0,242.5343794683296,198,2025-01-27,2025-04-17,81,1.0,330557.8872176768,179316.33334
984846668146064982,1021.6103728476822,974.3333,134.91611126681983,151,2025-01-15,2025-03-08,53,1.0,372887.786089404,154263.1663
985445004274818605,165.11016949152543,150.0,23.33287376742606,59,2025-01-26,2025-04-17,82,0.7195121951219512,43361.55487804878,9741.5
985716714802993034,425.144927826087,500.0,141.8425546166523,115,2025-03-04,2025-04-20,48,1.0,155177.89865652175,48891.6667
986245345084467584,866.7727272727273,800.0,133.64376428111157,231,2025-01-25,2025-04-20,86,1.0,316372.04545454547,200224.5
986407426689940399,293.35,300.0,45.51642505178705,100,2025-01-18,2025-04-17,90,1.0,107072.75000000001,29335.000000000004
986565062867231257,239.26966292134833,230.0,19.270068668170225,89,2025-01-07,2025-04-07,91,0.978021978021978,85414.01098901099,21295.0
991407580891691701,683.7247944444445,627.0,207.6290811098849,162,2025-01-20,2025-04-20,91,1.0,249559.54997222222,110763.4167
995680028058206783,3520.4071856287424,3500.0,106.02898874402126,167,2025-01-07,2025-04-20,104,1.0,1284948.622754491,587908.0
996227938456591020,333.5342465753425,350.0,81.49796899169752,73,2025-01-28,2025-04-20,83,0.8795180722891566,107072.53012048193,24348.0
999226382307972271,466.67180616740086,500.0,126.95151502125663,227,2025-01-20,2025-04-20,91,1.0,170335.2092511013,105934.5
1002341236260011015,351.85185185185185,350.0,9.531293854649313,54,2025-01-30,2025-04-20,81,0.6666666666666666,85617.28395061727,19000.0
1002785860497857801,600.1641414141415,600.0,126.99597010681381,198,2025-01-23,2025-04-20,88,1.0,219059.91161616164,118832.50000000001
1004496327455456339,402.64953271028037,380.0,124.95980978223949,214,2025-01-10,2025-04-19,100,1.0,146967.07943925232,86167.0
1004910078575857573,765.4794520547945,750.0,67.74935620625669,73,2025-01-19,2025-03-16,57,1.0,279400.0,55880.0
1005860682746801029,399.3671875,385.0,37.403207596197596,128,2025-01-30,2025-04-20,81,1.0,145769.0234375,51119.0
1005958896607152946,249.7826086956522,240.0,51.40852534396472,161,2025-01-10,2025-03-31,81,1.0,91170.65217391305,40215.0
1006396584243125090,574.9787653846154,601.0,190.6503383915794,208,2025-01-17,2025-04-20,94,1.0,209867.2493653846,119595.5832
1008029204257210230,321.6753278651685,315.0,25.494803147424413,178,2025-01-21,2025-03-31,70,1.0,117411.49467078652,57258.20836
1011115904222911872,809.5878269607844,700.0,456.5752198811395,204,2025-01-14,2025-04-17,94,1.0,295499.5568406863,165155.9167
1011714999685071594,556.5263157894736,557.0,3.576237364075621,57,2025-03-24,2025-04-20,28,1.0,203132.1052631579,31721.999999999996
1014245162199655907,572.6712962962963,600.0,44.14099976196909,108,2025-03-06,2025-04-17,43,1.0,209025.02314814815,61848.5
1015691857467598452,1272.4363636363637,1296.0,84.39514282846913,165,2025-01-20,2025-03-31,71,1.0,464439.27272727276,209952.0
1016100494032497541,370.6923076923077,369.0,69.38305262820303,78,2025-01-07,2025-04-06,90,0.8666666666666667,117262.33333333334,28914.0
1019041007385326527,675.8255813953489,575.0,266.9830983530635,43,2025-02-17,2025-04-07,50,0.86,212141.65000000002,29060.5
1019453731090411731,452.88211385365855,380.0,91.69781592365774,205,2025-01-26,2025-04-20,85,1.0,165301.97155658537,92840.83334
1019756845213291605,173.32638888888889,179.0,10.680831175565858,72,2025-01-23,2025-04-20,88,0.8181818181818182,51761.56250000001,12479.5
1021217453140595481,398.82608695652175,330.0,104.04834439343325,46,2025-01-07,2025-04-06,90,0.5111111111111111,74403.22222222222,18346.0
1023885231203292759,520.7996715270937,490.0,78.37891618201523,203,2025-01-26,2025-04-20,85,1.0,190091.88010738918,105722.33332000002
1024067179174522246,215.5504762857143,200.0,36.809452028425916,70,2025-01-26,2025-04-05,70,1.0,78675.92384428572,15088.53334
1025356251415331533,368.675,350.0,42.23465941257494,80,2025-01-17,2025-04-20,94,0.851063829787234,114524.5744680851,29494.0
1028988415727336651,561.97619,570.0,104.74579712122954,70,2025-01-17,2025-04-06,80,0.875,179481.14568125,39338.3333
1030981527494824971,297.9887389189189,250.0,74.96606588545805,74,2025-02-07,2025-04-08,61,1.0,108765.8897054054,22051.16668
1031938290013047428,660.0380184331797,627.0,202.72339071457563,217,2025-01-15,2025-04-20,96,1.0,240913.87672811057,143228.25
1032037416009523135,550.7972972972973,556.0,12.281116635950736,37,2025-01-24,2025-03-05,41,0.9024390243902439,181427.25609756098,20379.5
1033202997223117530,1938.8908034482758,1800.0,280.5163532458585,29,2025-01-23,2025-03-15,52,0.5576923076923077,394676.13758653845,56227.8333
1034873975277447845,880.3985258503401,732.0,406.1197256628887,147,2025-01-19,2025-04-20,92,1.0,321345.4619353741,129418.5833
1035628196408986358,1025.3398686274509,941.0,264.30123296944026,102,2025-01-31,2025-04-20,80,1.0,374249.05204901955,104584.66659999998
1036955655225647222,463.07142857142856,500.0,56.02337023441521,70,2025-01-13,2025-04-07,85,0.8235294117647058,139193.82352941175,32415.0
1037004838842410100,310.7857142857143,330.0,96.30361651891296,35,2025-01-28,2025-03-31,63,0.5555555555555556,63020.43650793651,10877.5
1037047027853581998,1035.8394736842106,890.0,285.6569716865393,95,2025-01-08,2025-03-31,83,1.0,378081.40789473685,98404.75
1039235354309448898,204.4973544973545,150.0,89.28430709236699,189,2025-01-21,2025-04-17,87,1.0,74641.5343915344,38650.0
1042032092670718662,411.5138888888889,402.0,34.6379638081717,72,2025-01-27,2025-04-11,75,0.96,144194.46666666667,29629.0
1043497443334655968,870.8373023809525,870.0,3.7974655452113786,42,2025-03-06,2025-04-20,46,0.9130434782608695,290215.99664130434,36575.1667
1043599286749467076,501.05645161290323,402.25,220.56167318690214,62,2025-01-29,2025-03-31,62,1.0,182885.60483870967,31065.5
1044223371798078486,801.0714285714286,800.0,173.4368967170975,70,2025-01-07,2025-04-06,90,0.7777777777777778,227415.27777777778,56075.0
1044458170286255125,1013.1986724637682,1100.0,175.61194764959495,138,2025-02-12,2025-04-16,64,1.0,369817.5154492754,139821.4168
1045077329214831775,800.0,800.0,0.0,31,2025-03-20,2025-04-19,31,1.0,292000.0,24800.0
1045459185575382038,550.9274193548387,550.0,159.6642060022645,248,2025-01-12,2025-04-20,99,1.0,201088.50806451612,136630.0
1045520246239520927,951.4561493243244,953.57145,47.89249800746636,148,2025-01-30,2025-04-20,81,1.0,347281.4945033784,140815.5101
1045592510645908121,502.9846153846154,500.0,22.251750147244255,65,2025-01-09,2025-04-06,88,0.7386363636363636,135605.79545454547,32694.0
1045916135727198441,688.6816673333334,650.0,120.94092695699133,150,2025-02-21,2025-04-20,59,1.0,251368.8085766667,103302.2501
1046547202929220520,415.1524942857143,412.5,57.21516814490788,147,2025-01-29,2025-04-20,82,1.0,151530.66041428572,61027.41666
1047723626454445067,1637.7726156133829,1750.0,138.00224543718696,269,2025-01-07,2025-04-20,104,1.0,597787.0046988848,440560.8336
1048804459244346908,709.6292682926829,700.0,71.0924496277194,205,2025-01-07,2025-04-20,104,1.0,259014.68292682926,145474.0
1049417084065072931,646.25,647.25,38.4157787741382,18,2025-01-20,2025-01-31,12,1.0,235881.25,11632.5
1050857413300266721,673.5866666666667,575.0,212.64944012338114,150,2025-01-15,2025-04-02,78,1.0,245859.13333333336,101038.0
1052110098791057231,673.7920792079208,575.0,267.1280523206682,101,2025-01-08,2025-04-20,103,0.9805825242718447,241158.68932038834,68053.0
1052490589225547467,709.3215994252873,719.125,50.32397840536842,174,2025-02-13,2025-04-20,67,1.0,258902.38379022988,123421.9583
1053030252161966865,276.72289156626505,280.0,22.773172734929314,83,2025-01-28,2025-04-20,83,1.0,101003.85542168675,22968.0
1053132609735844516,956.060606060606,1000.0,203.53615148695627,33,2025-02-27,2025-03-09,11,1.0,348962.1212121212,31550.0
1053425333694349352,195.72916666666666,185.0,36.48067957521493,48,2025-01-13,2025-04-07,85,0.5647058823529412,40343.23529411764,9395.0
1053522951026570547,670.247275,659.55,162.9234364598277,208,2025-01-25,2025-04-20,86,1.0,244640.25537499998,139411.4332
1053625763515857065,494.7997694444445,450.0,150.03646060487506,72,2025-02-05,2025-04-20,75,0.96,173377.83921333333,35625.5834
1053851019443958006,575.9787374485596,520.0,103.92174779385626,243,2025-01-21,2025-04-20,90,1.0,210232.23916872428,139962.8332
1054265461023254222,534.0240963855422,500.0,133.52611601581708,166,2025-01-11,2025-04-16,96,1.0,194918.7951807229,88648.0
1055163452693752832,557.5115606936416,500.0,112.0965498732245,173,2025-01-22,2025-04-20,89,1.0,203491.7196531792,96449.5
1056816282920055514,564.56410295858,540.0,65.7941619535606,169,2025-01-11,2025-03-31,80,1.0,206065.89757988168,95411.33340000002
1056827534457537585,359.8315603829787,349.0,63.41270901376394,235,2025-01-19,2025-04-20,92,1.0,131338.51953978723,84560.41669
1057137469420115073,720.0122282608696,575.0,296.93707623057594,184,2025-01-08,2025-04-20,103,1.0,262804.4633152174,132482.25
1057964852411462810,342.8186274509804,300.0,78.51584475702839,204,2025-02-03,2025-04-20,77,1.0,125128.79901960785,69935.0
1058193595817353204,394.5561797752809,400.0,57.36919104096367,89,2025-02-09,2025-04-20,71,1.0,144013.00561797753,35115.5
1058777213156843238,443.0851063829787,360.0,123.38202070896537,47,2025-02-02,2025-04-16,74,0.6351351351351351,102717.90540540538,20825.0
1060712994513047104,448.09973404255317,427.0,87.16852281422449,188,2025-01-11,2025-04-20,100,1.0,163556.4029255319,84242.75
1062221285605590578,589.3841266666666,500.0,119.24870708373881,135,2025-01-13,2025-04-20,98,1.0,215125.2062333333,79566.8571
1062615116593634676,441.02,400.0,57.96208781747837,150,2025-01-15,2025-04-20,96,1.0,160972.3,66153.0
1063807278503566143,486.825,485.0,102.24563775658875,160,2025-01-29,2025-04-17,79,1.0,177691.125,77892.0
1066545050089987954,471.7204301075269,400.0,95.40382060357938,186,2025-01-14,2025-04-20,97,1.0,172177.95698924732,87740.0
1067320906990424780,614.2532051282051,538.25,150.02640086798993,156,2025-02-12,2025-04-20,68,1.0,224202.41987179485,95823.5
1070343877574441166,317.5,300.0,99.04623289151385,33,2025-01-13,2025-04-17,95,0.3473684210526316,40255.65789473685,10477.5
1074031328011239995,1856.7724719101125,2000.0,316.8621805159347,178,2025-01-08,2025-04-19,102,1.0,677721.9522471911,330505.5
1074829679064875721,749.0,749.0,0.0,6,2025-04-01,2025-04-06,6,1.0,273385.0,4494.0
1075444278753674442,600.4666666666667,650.0,94.33152370038535,45,2025-01-30,2025-04-07,68,0.6617647058823529,145039.1911764706,27021.0
1075503699104403085,995.968115942029,800.0,237.7106981759139,69,2025-02-11,2025-04-20,69,1.0,363528.3623188406,68721.8
1077396104359577731,603.0213666666666,600.0,47.45814001490008,39,2025-02-11,2025-04-07,56,0.6964285714285714,153285.87775892855,23517.8333
1081972140987250431,672.408950617284,586.0,229.15670706864358,162,2025-01-30,2025-04-20,81,1.0,245429.26697530865,108930.25
1082133757143221839,1211.253336,1200.0,31.650005185187577,25,2025-01-27,2025-02-12,17,1.0,442107.46764,30281.3334
1082746592587689161,591.6477272727273,390.0,232.6333970791276,44,2025-01-09,2025-03-31,82,0.5365853658536586,115876.37195121951,26032.5
1083196219974177016,333.7543859649123,315.0,22.52084804112021,57,2025-01-20,2025-04-06,77,0.7402597402597403,90178.7012987013,19024.0
1083301106167776779,481.6901408450704,477.0,46.657901351767926,71,2025-03-06,2025-04-16,42,1.0,175816.9014084507,34200.0
1083424325445690046,602.6234574074074,550.0,84.89449200251975,54,2025-02-12,2025-04-06,54,1.0,219957.5619537037,32541.666699999998
1083633025910461931,314.1304347826087,310.0,77.01590274327971,46,2025-02-11,2025-04-06,55,0.8363636363636363,95895.45454545454,14450.0
1084601543056055517,1357.079365079365,1400.0,62.48259153357569,63,2025-02-04,2025-04-07,63,1.0,495333.9682539682,85496.0
1085437829031467755,690.3572514285714,600.0,213.1958407382979,77,2025-02-25,2025-04-20,55,1.0,251980.39677142858,53157.50836
1086855144095843601,493.20833323529416,490.0,249.71697639854906,68,2025-01-23,2025-03-31,68,1.0,180021.04163088236,33538.16666
1088251024341369589,612.5,600.0,42.534815461170034,20,2025-01-25,2025-02-07,14,1.0,223562.5,12250.0
1091408953130822622,310.625,280.0,58.47007781763252,48,2025-01-13,2025-04-07,85,0.5647058823529412,64025.294117647056,14910.0
1100720037663116812,1099.7048387096775,980.0,337.95731981256296,155,2025-01-20,2025-04-15,86,1.0,401392.2661290323,170454.25
1100991386372756521,826.0555555555555,800.0,124.60239908388219,252,2025-01-13,2025-04-20,98,1.0,301510.27777777775,208166.0
1111626053814730010,716.0726744186046,612.0,232.8516954741866,172,2025-01-31,2025-04-20,80,1.0,261366.5261627907,123164.49999999999
1124052077567202180,880.2608695652174,700.0,240.6387744376328,23,2025-03-26,2025-04-16,22,1.0,321295.2173913043,20246.0
1125970477826966385,634.6628350574713,575.0,197.37891801251905,174,2025-01-08,2025-04-20,103,1.0,231651.93479597702,110431.3333
1131810056799937593,775.5664251207729,680.0,224.73970811510603,207,2025-01-20,2025-04-20,91,1.0,283081.74516908213,160542.25
1137698308528017474,707.5915401515151,650.25,222.03773174608156,132,2025-02-03,2025-04-20,77,1.0,258270.91215530303,93402.0833
1139831117529014384,625.9906103286385,610.0,147.6803659172604,213,2025-01-24,2025-04-20,87,1.0,228486.57276995305,133336.0
1147824179020677628,466.3407079646018,440.0,92.46175042876624,113,2025-01-21,2025-04-19,89,1.0,170214.35840707965,52696.5
1153493820067017135,405.34953680555554,396.25,57.81678700157656,144,2025-02-06,2025-04-20,74,1.0,147952.58093402776,58370.3333
1153552657765472365,393.9679492307692,344.75,88.87896175333621,78,2025-02-04,2025-04-20,76,1.0,143798.30146923076,30729.500039999995
1161796266594364332,460.5263157894737,450.0,42.16745052000465,38,2025-02-27,2025-04-16,49,0.7755102040816326,130357.14285714286,17500.0
1161927707286622818,235.59095211764708,246.0,28.21006824607117,85,2025-01-14,2025-04-17,94,0.9042553191489362,77757.54563244681,20025.23093
1163772289534164479,1810.4795321637428,1700.0,265.66695402506554,171,2025-01-09,2025-04-20,102,1.0,660825.0292397661,309592.0
1171049670344322120,678.1803278688525,599.0,137.94074913970869,61,2025-02-19,2025-04-20,61,1.0,247535.81967213115,41369.0
1173260792743932663,1113.5992936170212,1109.0,108.08025416393815,94,2025-01-25,2025-03-05,40,1.0,406463.74217021273,104678.3336
1174263938200349649,568.8507665271966,500.0,181.16784499200136,239,2025-01-13,2025-04-20,98,1.0,207630.52978242675,135955.3332
1179103047052148475,686.2233009708738,640.5,107.0038648778664,103,2025-01-29,2025-04-20,82,1.0,250471.50485436892,70681.0
1181723518413479765,524.3837209302326,450.0,135.8449088530222,86,2025-01-25,2025-04-20,86,1.0,191400.0581395349,45097.0
1181933658424522281,387.0681425,374.16667,45.972873614044516,192,2025-01-19,2025-04-20,92,1.0,141279.8720125,74317.08336
1181944920258781413,391.5123458333333,374.5,50.849765564676744,216,2025-01-15,2025-04-20,96,1.0,142902.00622916667,84566.6667
1181971107577983158,388.1420835,372.0,48.50298836800274,200,2025-01-16,2025-04-20,95,1.0,141671.8604775,77628.4167
1182018398755268829,711.1587078651686,644.0,148.63254957059442,178,2025-01-14,2025-04-20,97,1.0,259572.92837078654,126586.25000000001
1182028381058524086,608.5751176056339,598.75,111.86817807592239,142,2025-01-14,2025-04-20,97,1.0,222129.91792605637,86417.6667
1182040498646675653,721.9340490797546,644.0,174.89062512697333,163,2025-01-13,2025-04-16,94,1.0,263505.9279141104,117675.25
1182043782165637473,597.9548614583333,592.33335,121.81403991459536,192,2025-01-19,2025-04-20,92,1.0,218253.52443229166,114807.3334
1182070530301053205,598.0665712643678,575.0,120.76085147171362,174,2025-01-15,2025-04-20,96,1.0,218294.29851149424,104063.58339999999
1182188163181410725,934.5365853658536,850.0,383.73774786801147,82,2025-01-24,2025-04-20,87,0.9425287356321839,321502.0689655172,76632.0
1183418487997408853,597.14895875,575.0,127.18734334861084,160,2025-01-29,2025-04-20,82,1.0,217959.36994375,95543.8334
1184078920130796920,414.3142857142857,407.5,107.18821220842766,70,2025-02-05,2025-04-19,74,0.9459459459459459,143050.4054054054,29002.0
1184152596221501552,598.165821319797,601.0,115.58956367695056,197,2025-01-22,2025-04-20,89,1.0,218330.52478172592,117838.66680000002
1187061700423806804,608.5170071428572,608.0,117.96469385515029,196,2025-01-12,2025-04-20,99,1.0,222108.7076071429,119269.33340000002
1187558666042801587,648.9082840236687,564.0,208.2884522380642,169,2025-01-23,2025-04-20,88,1.0,236851.52366863907,109665.5
1187772975255244525,397.9529414117647,384.0,45.60229333338441,170,2025-01-28,2025-04-20,83,1.0,145252.82361529412,67652.00004
1188323084225041810,601.8693691891892,599.5,120.78535666827662,185,2025-01-10,2025-04-20,101,1.0,219682.31975405407,111345.83330000001
1188339469325210376,604.3319897849462,601.0,117.75975271937149,186,2025-01-12,2025-04-20,99,1.0,220581.1762715054,112405.7501
1188476386889166335,599.7974958549223,607.0,110.13839806443043,193,2025-01-10,2025-04-20,101,1.0,218926.08598704665,115760.9167
1189331897618015345,719.632447826087,693.0,130.75471902490236,207,2025-01-11,2025-04-20,100,1.0,262665.84345652175,148963.9167
1191261348067720296,702.053075,644.0,141.42037955778127,168,2025-01-17,2025-04-20,94,1.0,256249.372375,117944.91660000001
1191386301072209798,593.15463,600.0,98.1156445563046,180,2025-01-19,2025-04-17,89,1.0,216501.43995,106767.8334
1192836728602105901,594.9351857142857,600.0,113.74673691675756,189,2025-01-14,2025-04-20,97,1.0,217151.34278571428,112442.75009999999
1193347652334673191,959.2254437869823,1025.0,406.6745110677573,169,2025-02-02,2025-04-15,73,1.0,350117.28698224854,162109.1
1193414131980072087,686.7645825,627.0,128.28328745219437,160,2025-01-11,2025-04-20,100,1.0,250669.0726125,109882.3332
1193496259129259761,720.6557312217194,723.0,129.70559937845812,221,2025-01-22,2025-04-20,89,1.0,263039.34189592756,159264.9166
1193657356522503551,727.4571428571429,702.0,59.3832274456631,70,2025-01-21,2025-03-31,70,1.0,265521.85714285716,50922.00000000001
1195858349379362032,864.7156862745098,945.0,296.8490377274119,153,2025-01-11,2025-04-20,100,1.0,315621.2254901961,132301.5
1197121947398131654,398.0967261904762,383.0,43.21021521352136,168,2025-01-07,2025-04-20,104,1.0,145305.30505952382,66880.25
1197195878719681680,400.62522084656086,384.0,46.56777513680588,189,2025-01-12,2025-04-20,99,1.0,146228.20560899473,75718.16674
1198703061430420363,391.2956989247312,400.0,98.33151520989385,93,2025-02-26,2025-04-20,54,1.0,142822.9301075269,36390.5
1199996219082185363,227.88484848484848,200.0,65.80036381957076,165,2025-01-23,2025-04-16,84,1.0,83177.9696969697,37601.0
1203075817950465589,1411.3793103448277,1400.0,34.062951769331086,87,2025-01-30,2025-04-20,81,1.0,515153.4482758621,122790.00000000001
1203140233522044896,471.458859009009,506.0,92.20324391962903,222,2025-01-12,2025-04-19,98,1.0,172082.4835382883,104663.8667
1207335703563012811,434.22709317535544,427.0,19.396745400672092,211,2025-01-13,2025-04-20,98,1.0,158492.88900900472,91621.91666
1207338410880339003,435.0734215859031,427.0,22.620084445565883,227,2025-01-25,2025-04-20,86,1.0,158801.79887885464,98761.6667
1207383031689344642,674.9166666666666,800.0,182.9241991992996,192,2025-01-12,2025-04-19,98,1.0,246344.5833333333,129584.0
1207864392976162235,554.8304347826087,600.0,159.3010475237631,230,2025-01-13,2025-04-20,98,1.0,202513.10869565216,127611.0
1207881809440158991,434.6496455319149,427.0,22.268025028558124,235,2025-01-19,2025-04-20,92,1.0,158647.12061914895,102142.6667
1207940918769840398,399.22906,382.0,46.82435993335071,195,2025-01-24,2025-04-20,87,1.0,145718.6069,77849.6667
1207992119242235910,390.0867271493213,374.5,48.977445282851534,221,2025-01-11,2025-04-20,100,1.0,142381.65540950227,86209.1667
1208704132667695539,616.2873443983402,600.0,63.65003956060485,241,2025-01-10,2025-04-20,101,1.0,224944.88070539417,148525.25
1208718899534488031,435.0926757847534,427.0,22.779626406447903,223,2025-01-21,2025-04-20,90,1.0,158808.82666143498,97025.6667
1208735754877396448,433.66346153846155,427.0,20.106052434070808,208,2025-01-08,2025-04-20,103,1.0,158287.16346153847,90202.0
1208746927423730353,394.4072251231527,379.0,48.48561830925437,203,2025-01-12,2025-04-20,99,1.0,143958.63716995076,80064.6667
1208757710030861160,389.2944985436893,372.0,50.29361166017835,206,2025-01-24,2025-04-20,87,1.0,142092.4919684466,80194.6667
1208757855935244741,393.9708335,374.5,49.823607991858225,200,2025-01-13,2025-04-20,98,1.0,143799.3542275,78794.1667
1209010210831577821,1082.6623376623377,1000.0,185.58707524651905,77,2025-01-19,2025-04-05,77,1.0,395171.75324675324,83365.0
1213824251801309412,1125.2098930481284,993.0,421.2491700907422,187,2025-01-14,2025-04-20,97,1.0,410701.61096256686,210414.25
1214464056304542513,711.8830049261084,668.6667,134.63620882895665,203,2025-01-21,2025-04-20,90,1.0,259837.29679802954,144512.25
1216602433904805187,600.348856372549,607.0,109.05728012528293,204,2025-01-15,2025-04-20,96,1.0,219127.33257598037,122471.1667
1218889785346856352,574.7,505.0,93.3957652440262,30,2025-01-14,2025-02-27,45,0.6666666666666666,139843.6666666667,17241.0
1219597802580113056,602.279232460733,607.0,119.40678929743655,191,2025-01-09,2025-04-20,102,1.0,219831.91984816757,115035.33340000002
1219655958873769070,709.1632304123711,660.16665,135.57367056908106,194,2025-01-21,2025-04-20,90,1.0,258844.57910051546,137577.6667
1226846054624436877,714.6511904761904,693.0,132.39508978332807,210,2025-01-11,2025-04-20,100,1.0,260847.6845238095,150076.75
1226856286781952840,720.3633177570093,729.5,129.2920844327843,214,2025-01-11,2025-04-20,100,1.0,262932.6109813084,154157.75
1229942592150628971,342.34,220.0,273.87610185386137,25,2025-02-21,2025-04-06,45,0.5555555555555556,69418.94444444444,8558.5
1233370107101543516,409.8952205882353,380.5,58.39953826513192,136,2025-01-31,2025-04-20,80,1.0,149611.75551470587,55745.75
1233973103621276698,398.7967741935484,383.0,45.657096316696006,155,2025-01-20,2025-04-20,91,1.0,145560.82258064518,61813.5
1233994658216308874,410.6914893617021,377.0,70.46433139170655,141,2025-01-09,2025-04-20,102,1.0,149902.39361702127,57907.5
1234084273027568746,399.98726875,376.0,52.53439064004547,144,2025-01-17,2025-04-20,94,1.0,145995.35309375,57598.1667
1236367599770739400,579.1864406779661,600.0,28.27968356665329,59,2025-01-26,2025-04-20,85,0.6941176470588235,146738.5882352941,34172.0
1238321506456103932,760.2575757575758,770.0,145.35547211601866,198,2025-02-04,2025-04-20,76,1.0,277494.01515151514,150531.0
1242002119123644781,5622.6611111111115,5500.0,210.09501103173696,90,2025-01-07,2025-04-06,90,1.0,2052271.3055555557,506039.50000000006
1242713378625026725,636.9579281553398,660.0,116.24772486894658,206,2025-01-15,2025-04-20,96,1.0,232489.64377669903,131213.3332
1247028916537033972,1761.7733333333333,1700.0,125.27230592046521,75,2025-01-12,2025-04-07,86,0.872093023255814,560797.0348837209,132133.0
1248514191377483703,525.7079439252336,495.0,165.17637459797388,214,2025-01-12,2025-04-20,99,1.0,191883.39953271026,112501.5
1248685472424986601,292.2368421052632,280.5,48.155258033206174,38,2025-02-01,2025-04-06,65,0.5846153846153846,62358.846153846156,11105.0
1249371220066552412,598.2648155555556,599.0,117.84854287225158,180,2025-01-29,2025-04-20,82,1.0,218366.6576777778,107687.6668
1249385754807434824,600.5720489583333,607.0,114.7017895097174,192,2025-01-24,2025-04-20,87,1.0,219208.79786979166,115309.8334
1249919049392818339,602.7856608108108,545.0,154.30589446052346,222,2025-01-10,2025-04-20,101,1.0,220016.76619594594,133818.4167
1250122800440869898,806.422077922078,887.125,159.6996919525603,154,2025-01-13,2025-04-07,85,1.0,294344.05844155845,124189.0
1254384361135492137,638.1924778761062,604.0,179.39371198211427,226,2025-01-14,2025-04-20,97,1.0,232940.25442477874,144231.5
1254489827996538747,1238.6441432432432,1190.0,195.2627344044058,74,2025-01-12,2025-04-07,86,0.8604651162790697,389020.6780116279,91659.6666
1257312272803306995,558.9984128571429,545.0,93.59981070708112,210,2025-01-12,2025-04-20,99,1.0,204034.42069285715,117389.6667
1259534245145609058,444.06282027972026,384.0,143.6202932871819,143,2025-01-15,2025-04-20,96,1.0,162082.92940209789,63500.9833
1260073533686146608,437.0,377.0,159.242603852488,187,2025-01-20,2025-04-20,91,1.0,159505.0,81719.0
1262982199583014782,754.6294416243654,703.3333,150.04231717021307,197,2025-01-20,2025-04-20,91,1.0,275439.74619289336,148662.0
1263128865886946817,592.0514187234043,607.0,89.84665424675903,235,2025-01-12,2025-04-20,99,1.0,216098.76783404255,139132.0834
1264729892004302735,455.84,450.0,43.641609934179314,35,2025-02-19,2025-04-19,60,0.5833333333333334,97055.93333333332,15954.4
1265161823691467042,640.358413592233,660.0,113.89348956174717,206,2025-01-12,2025-04-20,99,1.0,233730.82096116504,131913.8332
1265295313956605287,397.36165862068964,372.0,44.444671433634475,203,2025-01-11,2025-04-20,100,1.0,145037.0053965517,80664.4167
1265370363028714118,399.53855721393035,382.0,45.888540981469006,201,2025-01-12,2025-04-20,99,1.0,145831.5733830846,80307.25
1266717192483343855,600.0,550.0,105.58191598757128,62,2025-02-18,2025-04-20,62,1.0,219000.0,37200.0
1267332355220608617,668.5797101449275,699.0,102.15495630155974,69,2025-01-29,2025-04-07,69,1.0,244031.59420289853,46132.0
1268755217310742256,791.3513513513514,800.0,25.184007509414258,37,2025-01-21,2025-04-06,76,0.4868421052631579,140621.05263157896,29280.0
1268889705366032062,1005.0625,1000.0,28.29756117590238,128,2025-01-06,2025-04-07,92,1.0,366847.8125,128648.0
1269623861253689862,407.3966448051948,380.0,62.73098370374572,154,2025-01-26,2025-04-20,85,1.0,148699.7753538961,62739.0833
1269636598524749154,392.74024840425534,374.5,50.73285436571118,188,2025-01-27,2025-04-20,84,1.0,143350.1906675532,73835.1667
1271171762063321920,581.25,650.0,238.85379704672135,56,2025-02-02,2025-04-20,78,0.717948717948718,152317.3076923077,32550.0
1272260793182499350,569.5251853333333,582.0,40.67249697053782,45,2025-02-27,2025-04-19,52,0.8653846153846154,179893.29171346154,25628.633339999997
1272537775161574422,566.3597122302158,495.0,208.80501339469117,139,2025-01-27,2025-04-20,84,1.0,206721.29496402876,78724.0
1274055523929375490,606.8991816964286,545.0,153.10563620739242,224,2025-01-08,2025-04-20,103,1.0,221518.20131919644,135945.4167
1274533646308060247,625.2028017699115,601.25,178.20492236666843,226,2025-01-25,2025-04-20,86,1.0,228199.0226460177,141295.8332
1274679812745645557,594.6753971428572,607.0,109.58817287896781,210,2025-01-14,2025-04-20,97,1.0,217056.51995714285,124881.8334
1276789839775235217,430.06976744186045,500.0,184.9638826197,43,2025-02-02,2025-04-07,65,0.6615384615384615,103845.30769230767,18493.0
1277103969415516416,454.006172962963,470.0,23.195775318408746,54,2025-02-03,2025-04-20,77,0.7012987012987013,116213.78791038963,24516.33334
1277671971539993475,281.9166666666667,273.5,48.9347002142393,30,2025-03-04,2025-04-18,46,0.6521739130434783,67108.42391304349,8457.5
1280559161534348023,626.4492066666667,597.83335,88.99919272752558,210,2025-01-13,2025-04-20,98,1.0,228653.96043333333,131554.3334
1282577030741754149,398.86630054945056,382.0,49.58654973463984,182,2025-01-17,2025-04-20,94,1.0,145586.19970054945,72593.6667
1282585098065467787,399.4261479041916,382.0,49.09071798683404,167,2025-01-12,2025-04-20,99,1.0,145790.54398502994,66704.1667
1283982403734255309,593.4635112426035,586.6667,118.65181499741095,169,2025-01-30,2025-04-20,81,1.0,216614.1816035503,100295.3334
1284110666632259028,600.6614042105264,600.0,117.85989104597351,190,2025-01-14,2025-04-20,97,1.0,219241.41253684214,114125.6668
1285538056394050628,1079.0913654618473,1320.0,440.0504370518926,249,2025-01-06,2025-04-20,105,1.0,393868.3483935743,268693.75
1286394668026043637,2028.7058823529412,2000.0,426.8547992091024,85,2025-01-13,2025-04-07,85,1.0,740477.6470588235,172440.0
1292815457899461748,717.8842281879195,644.0,224.30152613306103,149,2025-01-12,2025-04-20,99,1.0,262027.7432885906,106964.75
1297930390704189766,596.7044717073171,545.0,157.0341476338399,205,2025-01-10,2025-04-20,101,1.0,217797.13217317074,122324.4167
1297930815921503919,930.051088442211,871.0,221.14595465555163,199,2025-01-20,2025-04-20,91,1.0,339468.64728140703,185080.1666
1303745304497797235,714.5645539906103,691.0,130.33546075557803,213,2025-01-17,2025-04-20,94,1.0,260816.06220657277,152202.25
1304403734260231676,643.0599173553719,641.625,140.56100927577262,242,2025-01-06,2025-04-20,105,1.0,234716.86983471076,155620.5
1304433283397417052,1105.9441176470589,967.25,251.85377460296525,170,2025-01-14,2025-04-20,97,1.0,403669.6029411765,188010.5
1307990676918354925,605.7382008849557,607.0,109.01948731435871,226,2025-01-13,2025-04-20,98,1.0,221094.44332300883,136896.8334
1311575286815584867,790.9603670731707,753.0,158.59736653631217,82,2025-01-26,2025-04-20,85,0.9647058823529412,278511.1033705882,64858.7501
1312949509621922876,647.1384976525821,627.0,182.96041256934137,213,2025-01-16,2025-04-20,95,1.0,236205.55164319248,137840.5
1313064371372817918,976.031746031746,880.0,109.3266560051752,252,2025-01-09,2025-04-20,102,1.0,356251.5873015873,245960.0
1314095834089788250,794.9188051282051,800.0,90.23898288125167,78,2025-02-01,2025-04-19,78,1.0,290145.3638717949,62003.6668
1315954985293478319,811.6538461538462,950.0,323.4285610462504,260,2025-01-09,2025-04-20,102,1.0,296253.6538461539,211030.0
1317427472349939673,1000.0,1000.0,0.0,91,2025-01-06,2025-04-06,91,1.0,365000.0,91000.0
1318315111310867765,752.7510283950617,700.0,131.09232834776245,81,2025-01-29,2025-04-19,81,1.0,274754.12536419753,60972.8333
1318376138623084691,785.413725882353,786.6667,22.07734399265538,85,2025-01-26,2025-04-20,85,1.0,286676.00994705886,66760.1667
1320994692912931266,1087.4173387096773,865.0,264.08171471408286,248,2025-01-06,2025-04-20,105,1.0,396907.32862903224,269679.5
1320995339425720277,742.5435648514851,672.0,189.90339245555242,202,2025-01-12,2025-04-20,99,1.0,271028.40117079206,149993.8001
1321022086036905023,899.7364675213676,858.0,154.8974610464681,234,2025-01-13,2025-04-20,98,1.0,328403.81064529915,210538.3334
1321134786322096510,724.5619158878504,634.0,279.662059160464,214,2025-01-23,2025-04-20,88,1.0,264465.0992990654,155056.25
1329787295308110610,935.0,935.0,0.0,71,2025-02-09,2025-04-20,71,1.0,341275.0,66385.0
1333504785474035960,588.6463414634146,616.0,73.56581364375135,82,2025-01-29,2025-04-20,82,1.0,214855.91463414632,48269.0
